PointID,x,y,Density_0,Density_1,Density_2,Density_3,Density_4,Density_5,Density_6,Density_7,Density_8,Density_9,Density_10,Momentum_x,Momentum_y,Energy,Energy_ve,Pressure,Temperature_tr,Temperature_ve,Velocity_x,Velocity_y,Mach,Pressure_Coefficient,Metric_xx,Metric_xy,Metric_yy,
0,-5.00E-02,0.00E+00,1.47E-83,1.25E-134,2.12E-114,8.04E-79,7.12E-102,1.87E-84,1.67E-43,5.41E-26,4.03E-43,1.07E-03,2.83E-04,7.72E+00,-3.36E-16,2.27E+04,5.61E+01,3.90E+02,1.00E+03,1.00E+03,5.73E+03,-2.49E-13,9.00E+00,2.67E-15,4.00E+00,0.00E+00,4.00E+00,1.00E+00
2,-3.64E-02,0.00E+00,2.38E-83,2.34E-134,3.28E-114,1.30E-78,1.10E-101,3.43E-84,2.92E-43,8.27E-26,7.02E-43,1.07E-03,2.83E-04,7.72E+00,-9.60E-16,2.27E+04,5.61E+01,3.90E+02,1.00E+03,1.00E+03,5.73E+03,-7.12E-13,9.00E+00,2.68E-15,4.00E+00,0.00E+00,4.00E+00,1.00E+00
3,-2.65E-02,0.00E+00,6.81E-83,9.58E-134,1.12E-113,3.71E-78,2.97E-101,8.14E-84,5.18E-43,1.15E-25,1.28E-42,1.07E-03,2.83E-04,7.72E+00,-1.87E-15,2.27E+04,5.61E+01,3.90E+02,1.00E+03,1.00E+03,5.73E+03,-1.38E-12,9.00E+00,2.70E-15,4.00E+00,0.00E+00,4.00E+00,1.00E+00
6,-1.92E-02,0.00E+00,1.09E-82,1.83E-133,1.95E-113,5.92E-78,4.56E-101,1.23E-83,6.95E-43,1.38E-25,1.73E-42,1.07E-03,2.83E-04,7.72E+00,-2.99E-15,2.27E+04,5.61E+01,3.90E+02,1.00E+03,1.00E+03,5.73E+03,-2.22E-12,9.00E+00,2.70E-15,4.00E+00,0.00E+00,4.00E+00,1.00E+00
15,-1.40E-02,0.00E+00,1.37E-82,2.51E-133,2.55E-113,7.47E-78,5.63E-101,1.53E-83,8.11E-43,1.52E-25,2.03E-42,1.07E-03,2.83E-04,7.72E+00,-3.16E-15,2.27E+04,5.61E+01,3.90E+02,1.00E+03,1.00E+03,5.73E+03,-2.34E-12,9.00E+00,2.74E-15,4.00E+00,0.00E+00,4.00E+00,1.00E+00
17,-1.01E-02,0.00E+00,1.55E-82,3.00E-133,2.97E-113,8.48E-78,6.31E-101,1.72E-83,8.85E-43,1.61E-25,2.22E-42,1.07E-03,2.83E-04,7.72E+00,-3.27E-15,2.27E+04,5.61E+01,3.90E+02,1.00E+03,1.00E+03,5.73E+03,-2.42E-12,9.00E+00,2.74E-15,4.00E+00,0.00E+00,4.00E+00,1.00E+00
19,-7.28E-03,0.00E+00,1.70E-82,3.39E-133,3.30E-113,9.26E-78,6.82E-101,1.87E-83,9.40E-43,1.67E-25,2.36E-42,1.07E-03,2.83E-04,7.72E+00,-2.71E-15,2.27E+04,5.61E+01,3.90E+02,1.00E+03,1.00E+03,5.73E+03,-2.01E-12,9.00E+00,2.76E-15,4.35E+00,-5.09E-01,4.74E+00,1.00E+00
22,-5.22E-03,0.00E+00,1.82E-82,3.74E-133,3.59E-113,9.93E-78,7.26E-101,1.99E-83,9.85E-43,1.72E-25,2.48E-42,1.07E-03,2.83E-04,7.72E+00,-7.03E-15,2.27E+04,5.61E+01,3.90E+02,1.00E+03,1.00E+03,5.73E+03,-5.21E-12,9.00E+00,2.80E-15,5.77E+00,-3.22E+00,9.85E+00,1.00E+00
25,-3.72E-03,0.00E+00,1.91E-82,4.01E-133,3.81E-113,1.04E-77,7.58E-101,2.08E-83,1.02E-42,1.75E-25,2.56E-42,1.07E-03,2.83E-04,7.72E+00,-1.07E-14,2.27E+04,5.61E+01,3.90E+02,1.00E+03,1.00E+03,5.73E+03,-7.95E-12,9.00E+00,2.76E-15,4.00E+00,0.00E+00,4.00E+00,1.00E+00
26,-2.62E-03,0.00E+00,1.98E-82,4.20E-133,3.96E-113,1.08E-77,7.80E-101,2.14E-83,1.04E-42,1.78E-25,2.62E-42,1.07E-03,2.83E-04,7.72E+00,-9.65E-15,2.27E+04,5.61E+01,3.90E+02,1.00E+03,1.00E+03,5.73E+03,-7.15E-12,9.00E+00,1.72E-15,7.31E+00,-4.42E+00,9.91E+00,1.00E+00
29,-1.74E-03,0.00E+00,2.03E-82,4.37E-133,4.10E-113,1.11E-77,8.00E-101,2.20E-83,1.06E-42,1.80E-25,2.67E-42,1.07E-03,2.83E-04,7.72E+00,2.01E-15,2.27E+04,5.61E+01,3.90E+02,1.00E+03,1.00E+03,5.73E+03,1.49E-12,9.00E+00,1.78E-15,4.69E+00,-3.18E+00,1.87E+01,1.00E+00
30,-1.28E-03,0.00E+00,2.06E-82,4.47E-133,4.18E-113,1.13E-77,8.10E-101,2.23E-83,1.07E-42,1.81E-25,2.70E-42,1.07E-03,2.83E-04,7.72E+00,3.81E-15,2.27E+04,5.61E+01,3.90E+02,1.00E+03,1.00E+03,5.73E+03,2.82E-12,9.00E+00,2.93E-16,1.95E+01,-2.29E+01,3.80E+01,1.00E+00
32,-8.70E-04,0.00E+00,2.09E-82,4.54E-133,4.24E-113,1.14E-77,8.18E-101,2.26E-83,1.08E-42,1.82E-25,2.72E-42,1.07E-03,2.83E-04,7.72E+00,2.70E-15,2.27E+04,5.61E+01,3.90E+02,1.00E+03,1.00E+03,5.73E+03,2.00E-12,9.00E+00,2.29E-16,2.17E+01,-3.49E+01,7.28E+01,1.00E+00
33,-6.32E-04,0.00E+00,2.10E-82,4.59E-133,4.28E-113,1.15E-77,8.24E-101,2.27E-83,1.08E-42,1.83E-25,2.73E-42,1.07E-03,2.83E-04,7.72E+00,8.14E-15,2.27E+04,5.61E+01,3.90E+02,1.00E+03,1.00E+03,5.73E+03,6.03E-12,9.00E+00,9.41E-16,2.39E+01,-3.01E+01,4.95E+01,1.00E+00
34,-4.20E-04,0.00E+00,2.12E-82,4.63E-133,4.31E-113,1.15E-77,8.28E-101,2.29E-83,1.09E-42,1.83E-25,2.74E-42,1.07E-03,2.83E-04,7.72E+00,1.14E-14,2.27E+04,5.61E+01,3.90E+02,1.00E+03,1.00E+03,5.73E+03,8.45E-12,9.00E+00,2.31E-15,8.39E+01,-1.62E+02,3.34E+02,1.00E+00
25026,-3.10E-04,0.00E+00,2.13E-82,4.67E-133,4.34E-113,1.16E-77,8.32E-101,2.30E-83,1.09E-42,1.83E-25,2.75E-42,1.07E-03,2.83E-04,7.72E+00,8.12E-15,2.27E+04,5.61E+01,3.90E+02,1.00E+03,1.00E+03,5.73E+03,6.01E-12,9.00E+00,2.00E-15,8.91E+07,-2.03E+08,4.65E+08,1.00E+00
37,-2.02E-04,0.00E+00,2.13E-82,4.69E-133,4.35E-113,1.16E-77,8.34E-101,2.30E-83,1.09E-42,1.84E-25,2.76E-42,1.07E-03,2.83E-04,7.72E+00,7.03E-15,2.27E+04,5.61E+01,3.90E+02,1.00E+03,1.00E+03,5.73E+03,5.21E-12,9.00E+00,-1.10E-14,1.26E+08,-2.87E+08,6.56E+08,1.00E+00
25027,-9.84E-05,0.00E+00,2.14E-82,4.71E-133,4.37E-113,1.17E-77,8.37E-101,2.31E-83,1.10E-42,1.84E-25,2.77E-42,1.07E-03,2.83E-04,7.72E+00,5.58E-15,2.27E+04,5.61E+01,3.90E+02,1.00E+03,1.00E+03,5.73E+03,4.14E-12,9.00E+00,1.87E-15,2.53E+08,-5.88E+08,1.36E+09,1.00E+00
38,0.00E+00,0.00E+00,5.97E-77,9.55E-120,1.34E-103,3.25E-72,5.29E-90,9.00E-75,2.65E-39,2.07E-24,5.69E-39,1.76E-03,4.67E-04,1.26E+01,3.45E-01,3.73E+04,9.24E+01,8.51E+02,1.32E+03,1.00E+03,5.67E+03,1.55E+02,7.74E+00,2.08E-02,1.55E+08,-3.79E+08,9.29E+08,2.18E+00
39,4.26E-04,1.14E-04,1.34E-46,3.17E-67,9.01E-61,7.15E-42,8.40E-51,1.80E-43,6.77E-23,2.01E-16,1.53E-22,4.64E-03,1.23E-03,3.09E+01,6.86E+00,9.59E+04,2.45E+02,4.80E+03,2.82E+03,1.00E+03,5.27E+03,1.17E+03,5.04E+00,1.99E-01,6.11E+07,-1.70E+08,4.82E+08,1.23E+01
47,8.91E-04,2.39E-04,3.33E-45,5.86E-65,7.49E-59,1.78E-40,3.53E-49,4.18E-42,3.90E-22,5.57E-16,8.94E-22,4.91E-03,1.31E-03,3.23E+01,8.71E+00,1.01E+05,2.60E+02,5.25E+03,2.92E+03,1.00E+03,5.19E+03,1.40E+03,4.94E+00,2.20E-01,1.17E+08,-2.42E+08,5.04E+08,1.35E+01
48,1.30E-03,3.49E-04,7.74E-45,1.50E-64,1.94E-58,4.16E-40,6.73E-49,6.79E-42,6.03E-22,7.13E-16,1.42E-21,4.60E-03,1.22E-03,3.03E+01,8.22E+00,9.50E+04,2.44E+02,4.83E+03,2.87E+03,1.00E+03,5.20E+03,1.41E+03,5.00E+00,2.01E-01,1.04E+08,-2.70E+08,7.04E+08,1.24E+01
56,1.78E-03,4.77E-04,2.49E-44,7.34E-64,7.91E-58,1.34E-39,1.88E-48,1.65E-41,1.12E-21,1.02E-15,2.68E-21,4.34E-03,1.15E-03,2.86E+01,7.65E+00,8.95E+04,2.31E+02,4.53E+03,2.86E+03,1.00E+03,5.20E+03,1.39E+03,5.01E+00,1.87E-01,3.60E+07,-9.56E+07,2.58E+08,1.16E+01
110,2.23E-03,5.97E-04,5.43E-44,2.19E-63,2.06E-57,2.93E-39,3.89E-48,3.06E-41,1.67E-21,1.28E-15,4.09E-21,4.24E-03,1.13E-03,2.79E+01,7.49E+00,8.76E+04,2.26E+02,4.44E+03,2.86E+03,1.00E+03,5.20E+03,1.40E+03,5.01E+00,1.83E-01,2.14E+06,-7.12E+06,3.29E+07,1.14E+01
111,2.67E-03,7.16E-04,1.04E-43,5.35E-63,4.56E-57,5.61E-39,7.08E-48,5.02E-41,2.32E-21,1.54E-15,5.80E-21,4.20E-03,1.12E-03,2.76E+01,7.40E+00,8.66E+04,2.24E+02,4.39E+03,2.86E+03,1.01E+03,5.20E+03,1.39E+03,5.01E+00,1.81E-01,1.54E+07,-3.94E+07,1.01E+08,1.12E+01
114,3.15E-03,8.42E-04,1.79E-43,1.13E-62,8.90E-57,9.71E-39,1.17E-47,7.63E-41,3.07E-21,1.81E-15,7.80E-21,4.18E-03,1.11E-03,2.75E+01,7.37E+00,8.63E+04,2.24E+02,4.37E+03,2.86E+03,1.01E+03,5.20E+03,1.39E+03,5.01E+00,1.80E-01,4.86E+06,-1.27E+07,3.43E+07,1.12E+01
115,3.57E-03,9.55E-04,3.02E-43,2.35E-62,1.70E-56,1.63E-38,1.93E-47,1.14E-40,3.96E-21,2.09E-15,1.03E-20,4.16E-03,1.11E-03,2.74E+01,7.34E+00,8.59E+04,2.24E+02,4.34E+03,2.86E+03,1.01E+03,5.20E+03,1.39E+03,5.01E+00,1.79E-01,4.31E+06,-1.14E+07,3.06E+07,1.11E+01
82,4.00E-03,1.07E-03,4.90E-43,4.58E-62,3.11E-56,2.66E-38,3.06E-47,1.65E-40,5.03E-21,2.40E-15,1.33E-20,4.15E-03,1.10E-03,2.73E+01,7.32E+00,8.57E+04,2.24E+02,4.33E+03,2.85E+03,1.01E+03,5.20E+03,1.39E+03,5.01E+00,1.78E-01,2.61E+06,-3.28E+06,5.91E+06,1.11E+01
125,4.46E-03,1.19E-03,7.53E-43,8.50E-62,5.40E-56,4.08E-38,4.74E-47,2.32E-40,6.16E-21,2.68E-15,1.67E-20,4.14E-03,1.10E-03,2.73E+01,7.30E+00,8.55E+04,2.24E+02,4.33E+03,2.86E+03,1.01E+03,5.20E+03,1.39E+03,5.01E+00,1.78E-01,2.58E+06,-2.48E+06,4.16E+06,1.11E+01
133,5.35E-03,1.43E-03,1.64E-42,2.59E-61,1.46E-55,8.93E-38,1.04E-46,4.36E-40,9.04E-21,3.35E-15,2.54E-20,4.15E-03,1.10E-03,2.73E+01,7.32E+00,8.57E+04,2.26E+02,4.34E+03,2.86E+03,1.01E+03,5.20E+03,1.39E+03,5.01E+00,1.79E-01,4.74E+05,1.69E+05,4.97E+06,1.11E+01
24963,6.17E-03,1.65E-03,2.83E-42,5.51E-61,2.93E-55,1.54E-37,1.82E-46,6.76E-40,1.18E-20,3.91E-15,3.43E-20,4.17E-03,1.11E-03,2.74E+01,7.34E+00,8.60E+04,2.28E+02,4.36E+03,2.86E+03,1.01E+03,5.20E+03,1.39E+03,5.00E+00,1.80E-01,1.51E+06,-6.14E+06,2.55E+07,1.12E+01
196,7.13E-03,1.91E-03,4.99E-42,1.20E-60,6.04E-55,2.71E-37,3.24E-46,1.07E-39,1.55E-20,4.61E-15,4.68E-20,4.18E-03,1.11E-03,2.75E+01,7.37E+00,8.63E+04,2.30E+02,4.37E+03,2.86E+03,1.01E+03,5.20E+03,1.39E+03,5.00E+00,1.80E-01,2.61E+06,-9.60E+06,3.55E+07,1.12E+01
182,8.02E-03,2.15E-03,8.49E-42,2.53E-60,1.20E-54,4.62E-37,5.58E-46,1.65E-39,2.00E-20,5.39E-15,6.27E-20,4.18E-03,1.11E-03,2.75E+01,7.38E+00,8.64E+04,2.32E+02,4.38E+03,2.86E+03,1.02E+03,5.20E+03,1.39E+03,5.00E+00,1.80E-01,2.45E+06,-8.67E+06,3.09E+07,1.12E+01
338,8.91E-03,2.39E-03,1.19E-41,3.99E-60,1.86E-54,6.47E-37,7.90E-46,2.16E-39,2.35E-20,5.94E-15,7.56E-20,4.19E-03,1.11E-03,2.76E+01,7.39E+00,8.65E+04,2.34E+02,4.38E+03,2.86E+03,1.02E+03,5.20E+03,1.39E+03,5.01E+00,1.81E-01,1.81E+06,-6.36E+06,2.26E+07,1.12E+01
24922,1.04E-02,2.78E-03,2.05E-41,8.37E-60,3.77E-54,1.12E-36,1.39E-45,3.37E-39,3.03E-20,6.97E-15,1.02E-19,4.20E-03,1.12E-03,2.76E+01,7.40E+00,8.66E+04,2.36E+02,4.39E+03,2.86E+03,1.02E+03,5.20E+03,1.39E+03,5.01E+00,1.81E-01,1.17E+06,-4.11E+06,1.53E+07,1.13E+01
352,1.20E-02,3.21E-03,3.76E-41,1.88E-59,8.27E-54,2.04E-36,2.59E-45,5.53E-39,4.00E-20,8.36E-15,1.44E-19,4.20E-03,1.12E-03,2.77E+01,7.41E+00,8.68E+04,2.39E+02,4.39E+03,2.86E+03,1.02E+03,5.20E+03,1.39E+03,5.01E+00,1.81E-01,3.14E+06,-1.07E+07,3.64E+07,1.13E+01
355,1.34E-02,3.58E-03,5.84E-41,3.30E-59,1.45E-53,3.18E-36,4.03E-45,7.87E-39,4.90E-20,9.60E-15,1.86E-19,4.21E-03,1.12E-03,2.77E+01,7.43E+00,8.70E+04,2.42E+02,4.39E+03,2.85E+03,1.03E+03,5.20E+03,1.39E+03,5.02E+00,1.81E-01,1.25E+06,-3.67E+06,1.14E+07,1.13E+01
358,1.52E-02,4.06E-03,8.81E-41,5.60E-59,2.48E-53,4.80E-36,6.12E-45,1.10E-38,5.90E-20,1.09E-14,2.36E-19,4.22E-03,1.12E-03,2.78E+01,7.44E+00,8.71E+04,2.44E+02,4.39E+03,2.85E+03,1.03E+03,5.20E+03,1.39E+03,5.02E+00,1.81E-01,1.07E+06,-3.29E+06,1.06E+07,1.13E+01
420,1.69E-02,4.54E-03,1.32E-40,9.63E-59,4.23E-53,7.21E-36,9.28E-45,1.55E-38,7.12E-20,1.25E-14,3.00E-19,4.22E-03,1.12E-03,2.78E+01,7.44E+00,8.71E+04,2.47E+02,4.39E+03,2.84E+03,1.03E+03,5.21E+03,1.39E+03,5.02E+00,1.81E-01,1.41E+06,-4.69E+06,1.57E+07,1.13E+01
418,1.87E-02,5.01E-03,1.76E-40,1.39E-58,6.14E-53,9.59E-36,1.24E-44,1.97E-38,8.10E-20,1.37E-14,3.55E-19,4.22E-03,1.12E-03,2.78E+01,7.45E+00,8.72E+04,2.49E+02,4.38E+03,2.84E+03,1.04E+03,5.21E+03,1.39E+03,5.03E+00,1.81E-01,3.47E+06,-1.14E+07,3.73E+07,1.12E+01
24993,2.00E-02,5.37E-03,2.24E-40,1.90E-58,8.42E-53,1.22E-35,1.58E-44,2.42E-38,9.02E-20,1.49E-14,4.09E-19,4.22E-03,1.12E-03,2.78E+01,7.45E+00,8.72E+04,2.51E+02,4.38E+03,2.84E+03,1.04E+03,5.21E+03,1.39E+03,5.03E+00,1.81E-01,9.40E+05,-2.90E+06,9.19E+06,1.12E+01
454,2.14E-02,5.73E-03,2.77E-40,2.49E-58,1.11E-52,1.51E-35,1.96E-44,2.89E-38,9.88E-20,1.60E-14,4.64E-19,4.22E-03,1.12E-03,2.78E+01,7.45E+00,8.73E+04,2.53E+02,4.38E+03,2.83E+03,1.04E+03,5.21E+03,1.39E+03,5.03E+00,1.80E-01,7.01E+05,-1.91E+06,5.66E+06,1.12E+01
24995,2.29E-02,6.12E-03,3.70E-40,3.66E-58,1.64E-52,2.02E-35,2.65E-44,3.72E-38,1.13E-19,1.77E-14,5.51E-19,4.22E-03,1.12E-03,2.78E+01,7.46E+00,8.73E+04,2.55E+02,4.38E+03,2.83E+03,1.05E+03,5.21E+03,1.39E+03,5.04E+00,1.80E-01,6.77E+05,-1.93E+06,5.75E+06,1.12E+01
451,2.45E-02,6.57E-03,4.90E-40,5.28E-58,2.40E-52,2.67E-35,3.54E-44,4.75E-38,1.27E-19,1.94E-14,6.49E-19,4.23E-03,1.12E-03,2.79E+01,7.46E+00,8.73E+04,2.58E+02,4.37E+03,2.83E+03,1.05E+03,5.21E+03,1.39E+03,5.04E+00,1.80E-01,4.86E+05,-1.25E+06,3.61E+06,1.12E+01
25020,2.61E-02,6.99E-03,6.41E-40,7.67E-58,3.47E-52,3.49E-35,4.69E-44,6.07E-38,1.43E-19,2.14E-14,7.62E-19,4.23E-03,1.12E-03,2.79E+01,7.46E+00,8.73E+04,2.60E+02,4.38E+03,2.83E+03,1.05E+03,5.21E+03,1.39E+03,5.04E+00,1.80E-01,4.03E+05,-8.55E+05,2.15E+06,1.12E+01
594,2.76E-02,7.40E-03,7.60E-40,9.54E-58,4.38E-52,4.14E-35,5.61E-44,7.05E-38,1.54E-19,2.27E-14,8.42E-19,4.23E-03,1.12E-03,2.79E+01,7.47E+00,8.74E+04,2.62E+02,4.37E+03,2.83E+03,1.05E+03,5.21E+03,1.39E+03,5.04E+00,1.80E-01,3.82E+05,-7.99E+05,1.99E+06,1.12E+01
603,3.00E-02,8.02E-03,9.83E-40,1.35E-57,6.25E-52,5.36E-35,7.35E-44,8.90E-38,1.72E-19,2.49E-14,9.82E-19,4.23E-03,1.13E-03,2.79E+01,7.47E+00,8.75E+04,2.65E+02,4.38E+03,2.83E+03,1.06E+03,5.21E+03,1.39E+03,5.04E+00,1.80E-01,3.16E+05,-6.55E+05,1.60E+06,1.12E+01
537,3.21E-02,8.60E-03,1.27E-39,1.91E-57,8.93E-52,6.93E-35,9.66E-44,1.13E-37,1.92E-19,2.74E-14,1.14E-18,4.24E-03,1.13E-03,2.79E+01,7.48E+00,8.75E+04,2.68E+02,4.38E+03,2.82E+03,1.06E+03,5.21E+03,1.39E+03,5.04E+00,1.80E-01,2.69E+05,-6.36E+05,1.64E+06,1.12E+01
831,3.39E-02,9.09E-03,1.68E-39,2.83E-57,1.32E-51,9.17E-35,1.30E-43,1.47E-37,2.19E-19,3.04E-14,1.35E-18,4.24E-03,1.13E-03,2.79E+01,7.48E+00,8.76E+04,2.71E+02,4.38E+03,2.82E+03,1.07E+03,5.21E+03,1.39E+03,5.04E+00,1.80E-01,3.18E+05,-6.98E+05,1.55E+06,1.12E+01
828,3.61E-02,9.67E-03,1.98E-39,3.53E-57,1.67E-51,1.08E-34,1.55E-43,1.71E-37,2.34E-19,3.23E-14,1.49E-18,4.24E-03,1.13E-03,2.79E+01,7.48E+00,8.76E+04,2.73E+02,4.38E+03,2.82E+03,1.07E+03,5.21E+03,1.39E+03,5.05E+00,1.80E-01,1.96E+05,-3.94E+05,8.85E+05,1.12E+01
832,3.90E-02,1.04E-02,2.70E-39,5.39E-57,2.59E-51,1.47E-34,2.17E-43,2.29E-37,2.68E-19,3.62E-14,1.78E-18,4.24E-03,1.13E-03,2.79E+01,7.48E+00,8.76E+04,2.77E+02,4.37E+03,2.82E+03,1.07E+03,5.21E+03,1.39E+03,5.05E+00,1.80E-01,1.78E+05,-3.62E+05,8.72E+05,1.12E+01
906,4.20E-02,1.12E-02,3.63E-39,8.10E-57,3.95E-51,1.98E-34,2.99E-43,3.04E-37,3.05E-19,4.05E-14,2.13E-18,4.24E-03,1.13E-03,2.79E+01,7.48E+00,8.76E+04,2.81E+02,4.37E+03,2.82E+03,1.08E+03,5.21E+03,1.39E+03,5.05E+00,1.80E-01,1.64E+05,-3.43E+05,8.66E+05,1.12E+01
904,4.47E-02,1.20E-02,4.74E-39,1.17E-56,5.77E-51,2.58E-34,3.98E-43,3.93E-37,3.43E-19,4.50E-14,2.49E-18,4.24E-03,1.13E-03,2.79E+01,7.48E+00,8.76E+04,2.84E+02,4.37E+03,2.82E+03,1.08E+03,5.21E+03,1.39E+03,5.05E+00,1.80E-01,1.32E+05,-2.42E+05,5.93E+05,1.12E+01
900,4.75E-02,1.27E-02,6.44E-39,1.80E-56,9.00E-51,3.51E-34,5.55E-43,5.30E-37,3.92E-19,5.07E-14,2.98E-18,4.24E-03,1.13E-03,2.79E+01,7.48E+00,8.76E+04,2.89E+02,4.37E+03,2.82E+03,1.09E+03,5.21E+03,1.39E+03,5.05E+00,1.80E-01,8.33E+04,-4.95E+04,1.20E+05,1.12E+01
927,5.22E-02,1.40E-02,9.11E-39,2.95E-56,1.49E-50,4.96E-34,8.10E-43,7.45E-37,4.57E-19,5.83E-14,3.66E-18,4.24E-03,1.13E-03,2.80E+01,7.49E+00,8.76E+04,2.94E+02,4.37E+03,2.81E+03,1.09E+03,5.21E+03,1.39E+03,5.05E+00,1.80E-01,3.67E+04,-1.17E+05,5.76E+05,1.12E+01
918,5.57E-02,1.49E-02,1.21E-38,4.40E-56,2.25E-50,6.58E-34,1.10E-42,9.86E-37,5.18E-19,6.53E-14,4.32E-18,4.24E-03,1.13E-03,2.80E+01,7.49E+00,8.77E+04,2.99E+02,4.37E+03,2.81E+03,1.10E+03,5.21E+03,1.39E+03,5.05E+00,1.80E-01,9.12E+04,-3.67E+05,1.50E+06,1.12E+01
920,5.85E-02,1.57E-02,1.50E-38,6.00E-56,3.09E-50,8.18E-34,1.40E-42,1.22E-36,5.71E-19,7.14E-14,4.91E-18,4.25E-03,1.13E-03,2.80E+01,7.50E+00,8.78E+04,3.03E+02,4.37E+03,2.81E+03,1.10E+03,5.21E+03,1.39E+03,5.05E+00,1.80E-01,3.75E+04,-1.14E+05,5.07E+05,1.12E+01
928,6.13E-02,1.64E-02,1.94E-38,8.67E-56,4.50E-50,1.06E-33,1.85E-42,1.58E-36,6.41E-19,7.95E-14,5.71E-18,4.25E-03,1.13E-03,2.80E+01,7.50E+00,8.78E+04,3.07E+02,4.37E+03,2.81E+03,1.11E+03,5.21E+03,1.39E+03,5.06E+00,1.80E-01,2.41E+04,-1.64E+04,2.22E+05,1.12E+01
1213,6.54E-02,1.75E-02,2.58E-38,1.31E-55,6.87E-50,1.41E-33,2.53E-42,2.11E-36,7.29E-19,8.97E-14,6.75E-18,4.25E-03,1.13E-03,2.80E+01,7.50E+00,8.78E+04,3.12E+02,4.37E+03,2.81E+03,1.12E+03,5.21E+03,1.39E+03,5.06E+00,1.80E-01,3.60E+04,-1.27E+05,6.16E+05,1.12E+01
1480,6.99E-02,1.87E-02,3.39E-38,1.92E-55,1.03E-49,1.84E-33,3.40E-42,2.77E-36,8.22E-19,1.00E-13,7.90E-18,4.25E-03,1.13E-03,2.80E+01,7.50E+00,8.78E+04,3.17E+02,4.37E+03,2.81E+03,1.12E+03,5.21E+03,1.39E+03,5.06E+00,1.80E-01,5.77E+04,-2.57E+05,1.19E+06,1.12E+01
25022,7.27E-02,1.95E-02,4.10E-38,2.53E-55,1.36E-49,2.24E-33,4.20E-42,3.36E-36,8.95E-19,1.09E-13,8.83E-18,4.25E-03,1.13E-03,2.80E+01,7.51E+00,8.79E+04,3.21E+02,4.37E+03,2.81E+03,1.13E+03,5.21E+03,1.39E+03,5.06E+00,1.80E-01,7.61E+04,-3.27E+05,1.44E+06,1.12E+01
1445,7.58E-02,2.03E-02,4.98E-38,3.34E-55,1.82E-49,2.71E-33,5.20E-42,4.09E-36,9.74E-19,1.18E-13,9.86E-18,4.25E-03,1.13E-03,2.80E+01,7.51E+00,8.79E+04,3.25E+02,4.37E+03,2.81E+03,1.13E+03,5.21E+03,1.39E+03,5.06E+00,1.80E-01,7.25E+04,-2.66E+05,1.05E+06,1.12E+01
1444,7.92E-02,2.12E-02,6.31E-38,4.70E-55,2.60E-49,3.44E-33,6.75E-42,5.20E-36,1.08E-18,1.31E-13,1.13E-17,4.25E-03,1.13E-03,2.80E+01,7.51E+00,8.79E+04,3.29E+02,4.37E+03,2.81E+03,1.14E+03,5.21E+03,1.39E+03,5.06E+00,1.80E-01,9.22E+04,-3.30E+05,1.21E+06,1.12E+01
1439,8.24E-02,2.21E-02,8.24E-38,6.91E-55,3.88E-49,4.49E-33,9.01E-42,6.82E-36,1.22E-18,1.47E-13,1.32E-17,4.25E-03,1.13E-03,2.80E+01,7.51E+00,8.79E+04,3.35E+02,4.37E+03,2.81E+03,1.14E+03,5.21E+03,1.40E+03,5.06E+00,1.80E-01,9.98E+04,-3.65E+05,1.36E+06,1.12E+01
3033,8.67E-02,2.32E-02,1.01E-37,9.21E-55,5.24E-49,5.49E-33,1.12E-41,8.36E-36,1.33E-18,1.60E-13,1.48E-17,4.25E-03,1.13E-03,2.80E+01,7.51E+00,8.79E+04,3.39E+02,4.36E+03,2.80E+03,1.15E+03,5.21E+03,1.39E+03,5.06E+00,1.80E-01,8.88E+04,-2.85E+05,9.57E+05,1.12E+01
3034,9.11E-02,2.44E-02,1.39E-37,1.46E-54,8.46E-49,7.55E-33,1.59E-41,1.16E-35,1.53E-18,1.83E-13,1.77E-17,4.25E-03,1.13E-03,2.81E+01,7.51E+00,8.79E+04,3.46E+02,4.36E+03,2.80E+03,1.16E+03,5.21E+03,1.39E+03,5.06E+00,1.80E-01,6.00E+04,-1.94E+05,7.22E+05,1.12E+01
2905,9.75E-02,2.61E-02,1.95E-37,2.38E-54,1.41E-48,1.06E-32,2.31E-41,1.64E-35,1.78E-18,2.12E-13,2.15E-17,4.25E-03,1.13E-03,2.81E+01,7.51E+00,8.80E+04,3.53E+02,4.36E+03,2.80E+03,1.16E+03,5.21E+03,1.40E+03,5.07E+00,1.80E-01,5.48E+04,-1.82E+05,7.29E+05,1.12E+01
3046,1.04E-01,2.79E-02,2.89E-37,4.22E-54,2.57E-48,1.57E-32,3.57E-41,2.46E-35,2.12E-18,2.52E-13,2.68E-17,4.26E-03,1.13E-03,2.81E+01,7.52E+00,8.80E+04,3.63E+02,4.36E+03,2.80E+03,1.17E+03,5.21E+03,1.39E+03,5.07E+00,1.80E-01,1.10E+05,-3.72E+05,1.27E+06,1.12E+01
3049,1.12E-01,2.99E-02,4.10E-37,7.04E-54,4.37E-48,2.24E-32,5.24E-41,3.54E-35,2.49E-18,2.95E-13,3.27E-17,4.26E-03,1.13E-03,2.81E+01,7.52E+00,8.81E+04,3.71E+02,4.36E+03,2.80E+03,1.18E+03,5.21E+03,1.39E+03,5.07E+00,1.80E-01,7.78E+04,-2.23E+05,6.91E+05,1.12E+01
4007,1.19E-01,3.20E-02,5.36E-37,1.04E-53,6.54E-48,2.92E-32,7.02E-41,4.67E-35,2.81E-18,3.32E-13,3.81E-17,4.26E-03,1.13E-03,2.81E+01,7.52E+00,8.81E+04,3.78E+02,4.36E+03,2.80E+03,1.19E+03,5.21E+03,1.39E+03,5.07E+00,1.80E-01,5.84E+04,-1.56E+05,4.84E+05,1.12E+01
25042,1.24E-01,3.33E-02,6.82E-37,1.47E-53,9.37E-48,3.71E-32,9.12E-41,5.98E-35,3.12E-18,3.70E-13,4.36E-17,4.26E-03,1.13E-03,2.81E+01,7.53E+00,8.81E+04,3.84E+02,4.36E+03,2.80E+03,1.20E+03,5.21E+03,1.39E+03,5.07E+00,1.80E-01,4.73E+04,-1.87E+05,7.81E+05,1.12E+01
24903,1.30E-01,3.47E-02,9.08E-37,2.22E-53,1.45E-47,4.95E-32,1.24E-40,8.04E-35,3.55E-18,4.21E-13,5.13E-17,4.26E-03,1.13E-03,2.81E+01,7.53E+00,8.81E+04,3.91E+02,4.36E+03,2.79E+03,1.21E+03,5.21E+03,1.40E+03,5.07E+00,1.79E-01,4.61E+04,-2.13E+05,1.02E+06,1.12E+01
25043,1.36E-01,3.63E-02,1.24E-36,3.50E-53,2.32E-47,6.76E-32,1.74E-40,1.11E-34,4.09E-18,4.85E-13,6.12E-17,4.26E-03,1.13E-03,2.81E+01,7.53E+00,8.82E+04,4.00E+02,4.36E+03,2.79E+03,1.22E+03,5.21E+03,1.39E+03,5.07E+00,1.79E-01,6.40E+04,-2.75E+05,1.19E+06,1.12E+01
3767,1.42E-01,3.79E-02,1.68E-36,5.42E-53,3.67E-47,9.14E-32,2.41E-40,1.51E-34,4.69E-18,5.58E-13,7.25E-17,4.27E-03,1.13E-03,2.81E+01,7.53E+00,8.82E+04,4.09E+02,4.36E+03,2.79E+03,1.22E+03,5.21E+03,1.39E+03,5.08E+00,1.79E-01,5.67E+04,-2.12E+05,8.11E+05,1.12E+01
25040,1.48E-01,3.96E-02,2.26E-36,8.36E-53,5.76E-47,1.23E-31,3.30E-40,2.06E-34,5.38E-18,6.41E-13,8.59E-17,4.27E-03,1.13E-03,2.81E+01,7.54E+00,8.83E+04,4.18E+02,4.36E+03,2.79E+03,1.23E+03,5.21E+03,1.39E+03,5.08E+00,1.79E-01,4.89E+04,-1.70E+05,6.11E+05,1.12E+01
24904,1.54E-01,4.14E-02,2.96E-36,1.23E-52,8.64E-47,1.61E-31,4.39E-40,2.71E-34,6.07E-18,7.25E-13,9.98E-17,4.27E-03,1.14E-03,2.82E+01,7.54E+00,8.83E+04,4.26E+02,4.36E+03,2.79E+03,1.24E+03,5.21E+03,1.39E+03,5.08E+00,1.79E-01,9.19E+04,-2.97E+05,9.68E+05,1.12E+01
25041,1.61E-01,4.32E-02,3.94E-36,1.87E-52,1.34E-46,2.15E-31,5.96E-40,3.64E-34,6.91E-18,8.29E-13,1.17E-16,4.27E-03,1.14E-03,2.82E+01,7.54E+00,8.83E+04,4.35E+02,4.35E+03,2.79E+03,1.25E+03,5.21E+03,1.39E+03,5.08E+00,1.79E-01,4.51E+04,-1.29E+05,4.06E+05,1.12E+01
4026,1.68E-01,4.50E-02,5.14E-36,2.75E-52,2.00E-46,2.80E-31,7.89E-40,4.78E-34,7.80E-18,9.39E-13,1.36E-16,4.27E-03,1.14E-03,2.82E+01,7.55E+00,8.84E+04,4.43E+02,4.35E+03,2.78E+03,1.26E+03,5.21E+03,1.40E+03,5.08E+00,1.79E-01,4.31E+04,-1.25E+05,3.92E+05,1.12E+01
25018,1.74E-01,4.65E-02,5.83E-36,3.29E-52,2.41E-46,3.17E-31,9.00E-40,5.44E-34,8.26E-18,9.95E-13,1.46E-16,4.27E-03,1.14E-03,2.82E+01,7.55E+00,8.84E+04,4.47E+02,4.35E+03,2.78E+03,1.27E+03,5.21E+03,1.40E+03,5.08E+00,1.79E-01,4.08E+04,-1.37E+05,4.94E+05,1.12E+01
4025,1.78E-01,4.76E-02,6.94E-36,4.25E-52,3.14E-46,3.78E-31,1.08E-39,6.51E-34,8.96E-18,1.08E-12,1.61E-16,4.28E-03,1.14E-03,2.82E+01,7.55E+00,8.84E+04,4.53E+02,4.35E+03,2.78E+03,1.27E+03,5.21E+03,1.40E+03,5.08E+00,1.79E-01,2.68E+04,-8.12E+04,3.28E+05,1.12E+01
4022,1.82E-01,4.88E-02,7.56E-36,4.80E-52,3.57E-46,4.12E-31,1.18E-39,7.11E-34,9.31E-18,1.13E-12,1.69E-16,4.28E-03,1.14E-03,2.82E+01,7.55E+00,8.84E+04,4.56E+02,4.35E+03,2.78E+03,1.27E+03,5.21E+03,1.40E+03,5.08E+00,1.79E-01,3.58E+04,-1.01E+05,3.55E+05,1.12E+01
5050,1.86E-01,4.97E-02,8.01E-36,5.21E-52,3.89E-46,4.36E-31,1.26E-39,7.55E-34,9.55E-18,1.16E-12,1.74E-16,4.28E-03,1.14E-03,2.82E+01,7.55E+00,8.84E+04,4.58E+02,4.35E+03,2.78E+03,1.28E+03,5.21E+03,1.40E+03,5.08E+00,1.79E-01,4.29E+04,-9.65E+04,2.93E+05,1.12E+01
4755,1.87E-01,5.02E-02,8.28E-36,5.46E-52,4.09E-46,4.51E-31,1.31E-39,7.82E-34,9.68E-18,1.17E-12,1.77E-16,4.28E-03,1.14E-03,2.82E+01,7.55E+00,8.84E+04,4.58E+02,4.35E+03,2.78E+03,1.28E+03,5.21E+03,1.39E+03,5.08E+00,1.79E-01,4.23E+04,-8.22E+04,2.61E+05,1.12E+01
4762,1.89E-01,5.06E-02,8.40E-36,5.58E-52,4.19E-46,4.58E-31,1.33E-39,7.95E-34,9.73E-18,1.18E-12,1.79E-16,4.28E-03,1.14E-03,2.82E+01,7.55E+00,8.84E+04,4.59E+02,4.35E+03,2.78E+03,1.28E+03,5.21E+03,1.39E+03,5.08E+00,1.79E-01,6.21E+04,-8.37E+04,2.22E+05,1.12E+01
4763,1.90E-01,5.08E-02,8.45E-36,5.62E-52,4.23E-46,4.60E-31,1.34E-39,8.01E-34,9.73E-18,1.18E-12,1.79E-16,4.28E-03,1.14E-03,2.82E+01,7.55E+00,8.84E+04,4.58E+02,4.35E+03,2.78E+03,1.28E+03,5.21E+03,1.39E+03,5.08E+00,1.79E-01,8.77E+04,-9.25E+04,1.98E+05,1.12E+01
4758,1.91E-01,5.11E-02,8.41E-36,5.58E-52,4.21E-46,4.58E-31,1.34E-39,7.98E-34,9.68E-18,1.17E-12,1.79E-16,4.28E-03,1.14E-03,2.82E+01,7.55E+00,8.84E+04,4.58E+02,4.35E+03,2.78E+03,1.28E+03,5.21E+03,1.39E+03,5.08E+00,1.79E-01,7.10E+04,-1.16E+05,2.55E+05,1.12E+01
24952,1.91E-01,5.12E-02,8.31E-36,5.48E-52,4.15E-46,4.53E-31,1.33E-39,7.90E-34,9.60E-18,1.16E-12,1.77E-16,4.28E-03,1.14E-03,2.82E+01,7.55E+00,8.84E+04,4.57E+02,4.35E+03,2.78E+03,1.28E+03,5.21E+03,1.39E+03,5.08E+00,1.79E-01,1.06E+05,1.51E+02,1.16E+05,1.12E+01
4760,1.92E-01,5.13E-02,8.20E-36,5.37E-52,4.08E-46,4.47E-31,1.32E-39,7.81E-34,9.51E-18,1.15E-12,1.75E-16,4.28E-03,1.14E-03,2.82E+01,7.55E+00,8.84E+04,4.56E+02,4.35E+03,2.78E+03,1.27E+03,5.21E+03,1.39E+03,5.08E+00,1.79E-01,1.27E+05,-2.26E+05,4.23E+05,1.12E+01
4759,1.92E-01,5.15E-02,8.21E-36,5.37E-52,4.08E-46,4.47E-31,1.32E-39,7.82E-34,9.50E-18,1.15E-12,1.75E-16,4.28E-03,1.14E-03,2.82E+01,7.55E+00,8.84E+04,4.56E+02,4.35E+03,2.78E+03,1.27E+03,5.21E+03,1.39E+03,5.08E+00,1.79E-01,2.06E+05,-1.81E+05,2.25E+05,1.12E+01
5001,1.92E-01,5.15E-02,8.27E-36,5.42E-52,4.13E-46,4.50E-31,1.33E-39,7.88E-34,9.54E-18,1.16E-12,1.76E-16,4.28E-03,1.14E-03,2.82E+01,7.55E+00,8.84E+04,4.56E+02,4.35E+03,2.78E+03,1.27E+03,5.21E+03,1.39E+03,5.08E+00,1.79E-01,1.48E+05,-1.61E+05,2.43E+05,1.12E+01
5003,1.93E-01,5.16E-02,8.21E-36,5.37E-52,4.09E-46,4.47E-31,1.32E-39,7.82E-34,9.49E-18,1.15E-12,1.75E-16,4.28E-03,1.14E-03,2.82E+01,7.55E+00,8.84E+04,4.56E+02,4.35E+03,2.78E+03,1.27E+03,5.21E+03,1.39E+03,5.08E+00,1.79E-01,1.83E+05,-1.02E+04,1.04E+05,1.12E+01
24989,1.93E-01,5.16E-02,8.24E-36,5.40E-52,4.11E-46,4.49E-31,1.33E-39,7.86E-34,9.51E-18,1.15E-12,1.76E-16,4.28E-03,1.14E-03,2.82E+01,7.55E+00,8.84E+04,4.56E+02,4.35E+03,2.78E+03,1.27E+03,5.21E+03,1.39E+03,5.08E+00,1.79E-01,3.33E+05,-6.22E+04,9.71E+04,1.12E+01
5002,1.93E-01,5.16E-02,8.19E-36,5.35E-52,4.08E-46,4.46E-31,1.32E-39,7.81E-34,9.48E-18,1.15E-12,1.75E-16,4.28E-03,1.14E-03,2.82E+01,7.55E+00,8.84E+04,4.55E+02,4.35E+03,2.78E+03,1.27E+03,5.21E+03,1.39E+03,5.08E+00,1.79E-01,1.06E+05,-7.79E+04,2.56E+05,1.12E+01
5005,1.93E-01,5.17E-02,8.19E-36,5.35E-52,4.08E-46,4.46E-31,1.32E-39,7.81E-34,9.47E-18,1.15E-12,1.75E-16,4.28E-03,1.14E-03,2.82E+01,7.55E+00,8.84E+04,4.55E+02,4.35E+03,2.78E+03,1.27E+03,5.21E+03,1.39E+03,5.08E+00,1.79E-01,1.06E+05,-7.14E+04,2.55E+05,1.12E+01
5004,1.93E-01,5.17E-02,8.19E-36,5.35E-52,4.08E-46,4.46E-31,1.32E-39,7.82E-34,9.47E-18,1.15E-12,1.75E-16,4.28E-03,1.14E-03,2.82E+01,7.55E+00,8.84E+04,4.55E+02,4.35E+03,2.78E+03,1.27E+03,5.21E+03,1.39E+03,5.08E+00,1.79E-01,6.55E+07,-4.61E+07,3.27E+07,1.12E+01
5000,1.93E-01,5.17E-02,8.20E-36,5.36E-52,4.09E-46,4.47E-31,1.32E-39,7.83E-34,9.48E-18,1.15E-12,1.75E-16,4.28E-03,1.14E-03,2.82E+01,7.55E+00,8.84E+04,4.55E+02,4.35E+03,2.78E+03,1.27E+03,5.21E+03,1.39E+03,5.08E+00,1.79E-01,3.46E+08,-2.28E+08,1.51E+08,1.12E+01
4999,1.93E-01,5.17E-02,1.10E-35,1.37E-51,5.53E-46,5.98E-31,1.82E-39,1.12E-33,1.32E-17,1.53E-12,2.33E-16,5.64E-03,1.50E-03,3.65E+01,1.05E+01,1.16E+05,6.01E+02,6.56E+03,3.18E+03,1.27E+03,5.11E+03,1.47E+03,4.69E+00,2.79E-01,5.47E+08,-3.54E+08,2.30E+08,1.68E+01
24955,1.93E-01,5.19E-02,6.12E-35,9.90E-48,9.58E-44,2.84E-30,1.24E-36,5.39E-31,1.08E-16,3.61E-12,5.26E-16,7.96E-03,2.11E-03,4.87E+01,1.66E+01,1.60E+05,8.51E+02,1.23E+04,4.24E+03,1.28E+03,4.84E+03,1.65E+03,3.90E+00,5.41E-01,9.55E+08,-6.07E+08,3.86E+08,3.17E+01
5006,1.93E-01,5.20E-02,2.84E-20,2.41E-23,1.22E-22,9.57E-16,4.22E-18,6.28E-16,7.71E-09,2.51E-07,2.07E-08,2.09E-02,5.57E-03,8.36E+01,7.34E+01,3.90E+05,4.66E+03,6.41E+04,8.37E+03,1.73E+03,3.15E+03,2.77E+03,2.28E+00,2.88E+00,8.20E+08,-5.27E+08,3.39E+08,1.64E+02
24921,1.94E-01,5.22E-02,7.36E-18,1.14E-19,5.07E-19,2.58E-13,1.82E-15,1.51E-13,1.42E-07,3.01E-06,4.16E-07,2.32E-02,6.17E-03,8.58E+01,8.63E+01,4.32E+05,9.20E+03,7.38E+04,8.47E+03,2.30E+03,2.92E+03,2.93E+03,2.23E+00,3.24E+00,7.58E+08,-4.85E+08,3.11E+08,1.89E+02
5023,1.94E-01,5.24E-02,5.07E-17,1.94E-18,9.62E-18,1.88E-12,1.23E-14,9.32E-13,3.92E-07,7.71E-06,1.20E-06,2.15E-02,5.71E-03,8.04E+01,7.96E+01,4.02E+05,1.13E+04,6.55E+04,8.31E+03,2.70E+03,2.95E+03,2.92E+03,2.26E+00,2.94E+00,4.45E+08,-2.81E+08,1.78E+08,1.68E+02
24958,1.94E-01,5.25E-02,2.15E-16,1.63E-17,8.46E-17,8.19E-12,5.20E-14,3.69E-12,8.20E-07,1.52E-05,2.63E-06,2.10E-02,5.56E-03,7.84E+01,7.77E+01,3.92E+05,1.33E+04,6.30E+04,8.20E+03,3.01E+03,2.95E+03,2.92E+03,2.28E+00,2.83E+00,8.93E+07,-6.12E+07,4.20E+07,1.61E+02
5032,1.94E-01,5.27E-02,1.16E-15,2.01E-16,1.06E-15,4.52E-11,2.90E-13,1.90E-11,1.85E-06,3.13E-05,6.43E-06,2.07E-02,5.46E-03,7.73E+01,7.66E+01,3.87E+05,1.57E+04,6.10E+04,8.06E+03,3.37E+03,2.96E+03,2.93E+03,2.30E+00,2.74E+00,2.37E+07,-1.62E+07,1.13E+07,1.56E+02
24935,1.94E-01,5.29E-02,6.90E-15,2.77E-15,1.49E-14,2.73E-10,1.75E-12,1.09E-10,4.42E-06,6.80E-05,1.71E-05,2.07E-02,5.44E-03,7.76E+01,7.72E+01,3.90E+05,1.89E+04,6.01E+04,7.90E+03,3.79E+03,2.95E+03,2.94E+03,2.33E+00,2.70E+00,1.41E+07,-1.13E+07,9.29E+06,1.54E+02
5049,1.95E-01,5.31E-02,2.87E-14,2.17E-14,1.22E-13,1.15E-09,7.05E-12,4.35E-10,8.73E-06,1.27E-04,3.78E-05,2.08E-02,5.39E-03,7.81E+01,7.77E+01,3.93E+05,2.19E+04,5.91E+04,7.71E+03,4.18E+03,2.96E+03,2.94E+03,2.36E+00,2.65E+00,1.51E+07,-1.19E+07,9.61E+06,1.52E+02
5046,1.95E-01,5.34E-02,6.77E-14,7.20E-14,4.31E-13,2.76E-09,1.58E-11,9.82E-10,1.32E-05,1.89E-04,6.20E-05,2.11E-02,5.39E-03,7.91E+01,7.89E+01,4.00E+05,2.43E+04,5.89E+04,7.57E+03,4.45E+03,2.96E+03,2.95E+03,2.38E+00,2.65E+00,1.31E+07,-1.04E+07,8.56E+06,1.51E+02
5047,1.95E-01,5.36E-02,1.47E-13,2.05E-13,1.33E-12,6.09E-09,3.15E-11,2.02E-09,1.83E-05,2.64E-04,9.53E-05,2.09E-02,5.25E-03,7.88E+01,7.82E+01,3.97E+05,2.59E+04,5.73E+04,7.40E+03,4.70E+03,2.97E+03,2.95E+03,2.41E+00,2.57E+00,1.29E+07,-1.02E+07,8.46E+06,1.47E+02
5048,1.96E-01,5.42E-02,4.53E-13,8.25E-13,6.44E-12,1.96E-08,7.95E-11,5.29E-09,2.92E-05,4.41E-04,1.80E-04,2.10E-02,5.08E-03,7.95E+01,7.91E+01,4.02E+05,2.90E+04,5.59E+04,7.12E+03,5.08E+03,2.97E+03,2.96E+03,2.45E+00,2.51E+00,1.26E+07,-1.00E+07,8.34E+06,1.43E+02
24957,1.96E-01,5.48E-02,9.91E-13,1.87E-12,1.87E-11,4.53E-08,1.35E-10,9.20E-09,3.99E-05,6.54E-04,2.87E-04,2.11E-02,4.85E-03,8.03E+01,7.97E+01,4.07E+05,3.14E+04,5.44E+04,6.84E+03,5.40E+03,2.98E+03,2.96E+03,2.49E+00,2.44E+00,1.26E+07,-1.02E+07,8.51E+06,1.40E+02
4900,1.97E-01,5.54E-02,1.80E-12,3.05E-12,3.98E-11,8.62E-08,1.80E-10,1.26E-08,4.98E-05,9.00E-04,4.13E-04,2.13E-02,4.60E-03,8.14E+01,8.07E+01,4.13E+05,3.34E+04,5.34E+04,6.57E+03,5.64E+03,2.99E+03,2.96E+03,2.53E+00,2.40E+00,9.91E+06,-7.71E+06,6.30E+06,1.37E+02
4903,1.97E-01,5.60E-02,3.15E-12,4.16E-12,7.31E-11,1.58E-07,2.07E-10,1.49E-08,6.03E-05,1.23E-03,5.84E-04,2.17E-02,4.31E-03,8.33E+01,8.28E+01,4.25E+05,3.52E+04,5.29E+04,6.30E+03,5.82E+03,2.99E+03,2.97E+03,2.57E+00,2.37E+00,8.63E+06,-6.61E+06,5.31E+06,1.36E+02
24911,1.99E-01,5.72E-02,5.32E-12,4.57E-12,1.14E-10,2.76E-07,1.95E-10,1.49E-08,7.03E-05,1.69E-03,8.30E-04,2.22E-02,3.88E-03,8.58E+01,8.53E+01,4.39E+05,3.60E+04,5.24E+04,5.99E+03,5.88E+03,2.99E+03,2.97E+03,2.62E+00,2.35E+00,7.90E+06,-5.77E+06,4.36E+06,1.34E+02
4838,2.00E-01,5.87E-02,6.84E-12,4.23E-12,1.33E-10,3.60E-07,1.68E-10,1.33E-08,7.45E-05,2.02E-03,1.01E-03,2.25E-02,3.58E-03,8.75E+01,8.71E+01,4.49E+05,3.59E+04,5.21E+04,5.80E+03,5.84E+03,3.00E+03,2.98E+03,2.65E+00,2.34E+00,6.66E+06,-4.61E+06,3.25E+06,1.34E+02
4677,2.01E-01,5.95E-02,8.05E-12,3.74E-12,1.42E-10,4.28E-07,1.42E-10,1.16E-08,7.71E-05,2.29E-03,1.18E-03,2.28E-02,3.31E-03,8.89E+01,8.85E+01,4.56E+05,3.54E+04,5.20E+04,5.65E+03,5.76E+03,3.00E+03,2.98E+03,2.68E+00,2.33E+00,5.17E+06,-3.42E+06,2.33E+06,1.33E+02
4672,2.02E-01,6.09E-02,9.02E-12,3.21E-12,1.43E-10,4.83E-07,1.17E-10,9.72E-09,7.87E-05,2.57E-03,1.34E-03,2.31E-02,3.04E-03,9.02E+01,8.99E+01,4.64E+05,3.47E+04,5.19E+04,5.53E+03,5.65E+03,3.00E+03,2.99E+03,2.70E+00,2.33E+00,4.20E+06,-2.55E+06,1.58E+06,1.33E+02
4679,2.04E-01,6.22E-02,9.54E-12,2.79E-12,1.40E-10,5.12E-07,9.96E-11,8.36E-09,7.92E-05,2.76E-03,1.46E-03,2.32E-02,2.84E-03,9.11E+01,9.09E+01,4.69E+05,3.40E+04,5.18E+04,5.45E+03,5.57E+03,3.00E+03,2.99E+03,2.72E+00,2.33E+00,1.95E+06,-9.43E+05,5.62E+05,1.33E+02
4744,2.05E-01,6.34E-02,9.84E-12,2.45E-12,1.35E-10,5.30E-07,8.60E-11,7.25E-09,7.94E-05,2.92E-03,1.57E-03,2.34E-02,2.67E-03,9.19E+01,9.17E+01,4.73E+05,3.35E+04,5.18E+04,5.38E+03,5.49E+03,3.00E+03,2.99E+03,2.73E+00,2.33E+00,1.37E+06,-5.27E+05,3.02E+05,1.33E+02
4746,2.06E-01,6.47E-02,1.00E-11,2.12E-12,1.28E-10,5.41E-07,7.33E-11,6.17E-09,7.94E-05,3.09E-03,1.68E-03,2.35E-02,2.49E-03,9.26E+01,9.24E+01,4.77E+05,3.28E+04,5.17E+04,5.31E+03,5.41E+03,3.00E+03,3.00E+03,2.74E+00,2.32E+00,4.03E+05,1.57E+03,3.58E+05,1.33E+02
4748,2.07E-01,6.59E-02,1.00E-11,1.86E-12,1.21E-10,5.43E-07,6.36E-11,5.35E-09,7.91E-05,3.22E-03,1.77E-03,2.36E-02,2.36E-03,9.33E+01,9.31E+01,4.81E+05,3.23E+04,5.17E+04,5.26E+03,5.34E+03,3.00E+03,3.00E+03,2.75E+00,2.32E+00,4.47E+05,-5.43E+05,9.90E+05,1.33E+02
2701,2.09E-01,6.71E-02,9.98E-12,1.63E-12,1.14E-10,5.40E-07,5.53E-11,4.66E-09,7.87E-05,3.35E-03,1.85E-03,2.38E-02,2.23E-03,9.40E+01,9.38E+01,4.84E+05,3.19E+04,5.17E+04,5.21E+03,5.28E+03,3.01E+03,3.00E+03,2.76E+00,2.32E+00,1.04E+06,-1.12E+06,1.33E+06,1.33E+02
2808,2.10E-01,6.83E-02,9.83E-12,1.40E-12,1.05E-10,5.33E-07,4.72E-11,3.97E-09,7.80E-05,3.48E-03,1.94E-03,2.39E-02,2.10E-03,9.47E+01,9.45E+01,4.88E+05,3.14E+04,5.17E+04,5.15E+03,5.21E+03,3.01E+03,3.00E+03,2.77E+00,2.32E+00,9.69E+05,-1.02E+06,1.24E+06,1.32E+02
2809,2.11E-01,6.98E-02,9.73E-12,1.23E-12,9.85E-11,5.27E-07,4.06E-11,3.37E-09,7.83E-05,3.63E-03,2.03E-03,2.40E-02,1.95E-03,9.53E+01,9.53E+01,4.92E+05,3.10E+04,5.17E+04,5.10E+03,5.15E+03,3.00E+03,3.00E+03,2.78E+00,2.32E+00,5.71E+05,-6.51E+05,9.57E+05,1.33E+02
2803,2.13E-01,7.14E-02,9.53E-12,1.11E-12,9.29E-11,5.17E-07,3.67E-11,3.06E-09,7.72E-05,3.69E-03,2.06E-03,2.41E-02,1.88E-03,9.55E+01,9.54E+01,4.93E+05,3.07E+04,5.15E+04,5.07E+03,5.12E+03,3.01E+03,3.00E+03,2.79E+00,2.31E+00,9.06E+05,-9.96E+05,1.17E+06,1.32E+02
2756,2.14E-01,7.30E-02,9.33E-12,9.98E-13,8.71E-11,5.06E-07,3.28E-11,2.76E-09,7.63E-05,3.76E-03,2.11E-03,2.41E-02,1.81E-03,9.60E+01,9.58E+01,4.95E+05,3.04E+04,5.15E+04,5.04E+03,5.08E+03,3.01E+03,3.01E+03,2.80E+00,2.31E+00,9.05E+05,-8.66E+05,9.32E+05,1.32E+02
2750,2.16E-01,7.44E-02,9.11E-12,8.93E-13,8.15E-11,4.95E-07,2.94E-11,2.49E-09,7.53E-05,3.82E-03,2.14E-03,2.42E-02,1.75E-03,9.64E+01,9.62E+01,4.97E+05,3.01E+04,5.14E+04,5.01E+03,5.05E+03,3.01E+03,3.01E+03,2.80E+00,2.31E+00,8.71E+05,-7.35E+05,7.58E+05,1.32E+02
8243,2.18E-01,7.63E-02,8.83E-12,7.84E-13,7.54E-11,4.80E-07,2.59E-11,2.24E-09,7.35E-05,3.87E-03,2.17E-03,2.42E-02,1.69E-03,9.65E+01,9.63E+01,4.97E+05,2.97E+04,5.11E+04,4.97E+03,5.01E+03,3.02E+03,3.01E+03,2.82E+00,2.29E+00,7.80E+05,-6.57E+05,7.96E+05,1.31E+02
8240,2.19E-01,7.76E-02,8.56E-12,6.96E-13,7.04E-11,4.65E-07,2.32E-11,2.04E-09,7.15E-05,3.89E-03,2.17E-03,2.41E-02,1.65E-03,9.62E+01,9.62E+01,4.95E+05,2.93E+04,5.06E+04,4.94E+03,4.98E+03,3.02E+03,3.02E+03,2.83E+00,2.27E+00,8.30E+05,-7.93E+05,1.14E+06,1.30E+02
8242,2.20E-01,7.90E-02,8.23E-12,6.04E-13,6.50E-11,4.47E-07,2.04E-11,1.83E-09,6.89E-05,3.88E-03,2.16E-03,2.39E-02,1.59E-03,9.55E+01,9.55E+01,4.91E+05,2.87E+04,4.98E+04,4.90E+03,4.94E+03,3.02E+03,3.03E+03,2.84E+00,2.23E+00,9.18E+05,-9.55E+05,1.62E+06,1.28E+02
8237,2.22E-01,8.03E-02,7.82E-12,5.10E-13,5.94E-11,4.25E-07,1.76E-11,1.61E-09,6.53E-05,3.84E-03,2.14E-03,2.35E-02,1.54E-03,9.41E+01,9.43E+01,4.84E+05,2.79E+04,4.85E+04,4.85E+03,4.90E+03,3.03E+03,3.04E+03,2.87E+00,2.17E+00,1.27E+06,-1.19E+06,1.77E+06,1.24E+02
8233,2.23E-01,8.15E-02,7.21E-12,3.93E-13,5.22E-11,3.92E-07,1.41E-11,1.33E-09,5.95E-05,3.73E-03,2.07E-03,2.26E-02,1.46E-03,9.11E+01,9.16E+01,4.68E+05,2.65E+04,4.60E+04,4.77E+03,4.85E+03,3.04E+03,3.06E+03,2.90E+00,2.06E+00,2.00E+06,-1.60E+06,1.61E+06,1.18E+02
8230,2.24E-01,8.26E-02,6.47E-12,2.83E-13,4.41E-11,3.52E-07,1.07E-11,1.05E-09,5.24E-05,3.57E-03,1.97E-03,2.16E-02,1.37E-03,8.70E+01,8.78E+01,4.46E+05,2.47E+04,4.30E+04,4.68E+03,4.78E+03,3.05E+03,3.08E+03,2.95E+00,1.93E+00,2.83E+06,-2.15E+06,1.77E+06,1.10E+02
8032,2.25E-01,8.38E-02,5.74E-12,1.97E-13,3.65E-11,3.12E-07,8.01E-12,8.23E-10,4.57E-05,3.41E-03,1.87E-03,2.04E-02,1.28E-03,8.30E+01,8.37E+01,4.23E+05,2.29E+04,4.01E+04,4.60E+03,4.71E+03,3.07E+03,3.10E+03,2.99E+00,1.79E+00,2.99E+06,-2.49E+06,2.19E+06,1.03E+02
7797,2.27E-01,8.51E-02,4.92E-12,1.24E-13,2.87E-11,2.68E-07,5.51E-12,6.04E-10,3.83E-05,3.20E-03,1.75E-03,1.91E-02,1.18E-03,7.82E+01,7.87E+01,3.97E+05,2.08E+04,3.66E+04,4.49E+03,4.62E+03,3.09E+03,3.11E+03,3.04E+00,1.64E+00,3.16E+06,-2.97E+06,2.92E+06,9.39E+01
7793,2.28E-01,8.65E-02,4.24E-12,7.89E-14,2.25E-11,2.31E-07,3.84E-12,4.50E-10,3.22E-05,3.01E-03,1.63E-03,1.79E-02,1.09E-03,7.38E+01,7.42E+01,3.73E+05,1.90E+04,3.36E+04,4.40E+03,4.54E+03,3.11E+03,3.13E+03,3.09E+00,1.50E+00,4.19E+06,-4.12E+06,4.13E+06,8.62E+01
7809,2.29E-01,8.77E-02,3.63E-12,4.92E-14,1.76E-11,1.98E-07,2.64E-12,3.33E-10,2.68E-05,2.82E-03,1.52E-03,1.68E-02,1.02E-03,6.94E+01,6.98E+01,3.49E+05,1.73E+04,3.08E+04,4.30E+03,4.46E+03,3.13E+03,3.15E+03,3.15E+00,1.37E+00,2.67E+06,-2.49E+06,2.55E+06,7.88E+01
7791,2.31E-01,8.91E-02,3.13E-12,3.08E-14,1.38E-11,1.71E-07,1.84E-12,2.49E-10,2.25E-05,2.65E-03,1.42E-03,1.57E-02,9.51E-04,6.54E+01,6.58E+01,3.28E+05,1.58E+04,2.82E+04,4.22E+03,4.38E+03,3.15E+03,3.17E+03,3.20E+00,1.26E+00,1.81E+06,-1.63E+06,1.85E+06,7.24E+01
7781,2.32E-01,9.06E-02,2.78E-12,2.11E-14,1.13E-11,1.52E-07,1.37E-12,1.99E-10,1.95E-05,2.51E-03,1.35E-03,1.49E-02,9.05E-04,6.23E+01,6.28E+01,3.11E+05,1.47E+04,2.64E+04,4.15E+03,4.32E+03,3.16E+03,3.18E+03,3.24E+00,1.18E+00,2.49E+06,-2.19E+06,2.05E+06,6.77E+01
7783,2.33E-01,9.14E-02,2.56E-12,1.61E-14,9.77E-12,1.39E-07,1.11E-12,1.70E-10,1.76E-05,2.43E-03,1.30E-03,1.44E-02,8.76E-04,6.03E+01,6.09E+01,3.01E+05,1.40E+04,2.52E+04,4.10E+03,4.28E+03,3.17E+03,3.20E+03,3.27E+00,1.12E+00,3.48E+06,-2.50E+06,1.84E+06,6.46E+01
7659,2.34E-01,9.22E-02,2.34E-12,1.22E-14,8.42E-12,1.27E-07,8.91E-13,1.44E-10,1.58E-05,2.32E-03,1.24E-03,1.38E-02,8.43E-04,5.77E+01,5.85E+01,2.88E+05,1.32E+04,2.38E+04,4.05E+03,4.24E+03,3.17E+03,3.22E+03,3.30E+00,1.06E+00,1.86E+06,-1.03E+06,9.05E+05,6.09E+01
8174,2.35E-01,9.31E-02,2.13E-12,8.99E-15,7.13E-12,1.16E-07,7.11E-13,1.21E-10,1.41E-05,2.22E-03,1.18E-03,1.32E-02,8.13E-04,5.56E+01,5.62E+01,2.76E+05,1.25E+04,2.26E+04,4.01E+03,4.19E+03,3.19E+03,3.22E+03,3.33E+00,1.00E+00,2.08E+06,-1.37E+06,1.24E+06,5.78E+01
8176,2.35E-01,9.40E-02,1.94E-12,6.62E-15,6.12E-12,1.06E-07,5.55E-13,9.87E-11,1.25E-05,2.12E-03,1.13E-03,1.26E-02,7.75E-04,5.35E+01,5.36E+01,2.64E+05,1.17E+04,2.12E+04,3.95E+03,4.15E+03,3.21E+03,3.22E+03,3.36E+00,9.41E-01,1.99E+06,-1.62E+06,1.62E+06,5.44E+01
8180,2.37E-01,9.50E-02,1.86E-12,5.60E-15,5.53E-12,1.01E-07,4.96E-13,9.34E-11,1.19E-05,2.10E-03,1.12E-03,1.25E-02,7.77E-04,5.31E+01,5.34E+01,2.62E+05,1.15E+04,2.10E+04,3.94E+03,4.12E+03,3.21E+03,3.23E+03,3.37E+00,9.32E-01,1.04E+06,-8.96E+05,1.21E+06,5.39E+01
25007,2.37E-01,9.60E-02,1.74E-12,4.45E-15,4.81E-12,9.50E-08,4.23E-13,8.51E-11,1.10E-05,2.06E-03,1.10E-03,1.23E-02,7.71E-04,5.23E+01,5.26E+01,2.58E+05,1.12E+04,2.06E+04,3.93E+03,4.09E+03,3.21E+03,3.23E+03,3.38E+00,9.14E-01,4.55E+05,-1.25E+05,6.54E+05,5.28E+01
8169,2.38E-01,9.70E-02,1.63E-12,3.52E-15,4.13E-12,8.86E-08,3.54E-13,7.73E-11,1.01E-05,2.01E-03,1.07E-03,1.21E-02,7.63E-04,5.13E+01,5.17E+01,2.53E+05,1.09E+04,2.01E+04,3.91E+03,4.06E+03,3.22E+03,3.24E+03,3.40E+00,8.90E-01,7.18E+05,4.32E+04,2.37E+05,5.15E+01
8170,2.40E-01,9.80E-02,1.52E-12,2.84E-15,3.56E-12,8.31E-08,3.02E-13,7.13E-11,9.46E-06,1.98E-03,1.05E-03,1.19E-02,7.57E-04,5.06E+01,5.09E+01,2.49E+05,1.06E+04,1.97E+04,3.90E+03,4.03E+03,3.23E+03,3.24E+03,3.40E+00,8.74E-01,6.29E+05,3.96E+04,3.53E+05,5.06E+01
8168,2.41E-01,9.91E-02,1.44E-12,2.35E-15,3.08E-12,7.83E-08,2.60E-13,6.67E-11,8.91E-06,1.96E-03,1.04E-03,1.18E-02,7.53E-04,5.02E+01,5.04E+01,2.47E+05,1.04E+04,1.95E+04,3.90E+03,4.01E+03,3.23E+03,3.24E+03,3.41E+00,8.65E-01,4.75E+05,1.76E+04,3.79E+05,5.00E+01
6891,2.42E-01,1.00E-01,1.36E-12,1.98E-15,2.66E-12,7.41E-08,2.25E-13,6.32E-11,8.49E-06,1.94E-03,1.03E-03,1.17E-02,7.53E-04,5.00E+01,5.01E+01,2.45E+05,1.03E+04,1.94E+04,3.90E+03,3.99E+03,3.23E+03,3.24E+03,3.41E+00,8.59E-01,7.43E+05,-7.05E+04,1.46E+05,4.97E+01
7284,2.43E-01,1.02E-01,1.29E-12,1.70E-15,2.30E-12,7.03E-08,1.95E-13,6.03E-11,8.14E-06,1.93E-03,1.03E-03,1.17E-02,7.54E-04,4.98E+01,4.99E+01,2.45E+05,1.02E+04,1.93E+04,3.90E+03,3.97E+03,3.24E+03,3.24E+03,3.41E+00,8.56E-01,8.83E+05,-2.05E+05,1.32E+05,4.95E+01
7288,2.44E-01,1.03E-01,1.23E-12,1.49E-15,2.00E-12,6.69E-08,1.71E-13,5.81E-11,7.89E-06,1.93E-03,1.02E-03,1.17E-02,7.57E-04,4.98E+01,4.98E+01,2.44E+05,1.01E+04,1.93E+04,3.90E+03,3.96E+03,3.24E+03,3.24E+03,3.41E+00,8.55E-01,8.26E+05,-1.76E+05,7.67E+04,4.95E+01
7289,2.46E-01,1.04E-01,1.18E-12,1.34E-15,1.78E-12,6.42E-08,1.53E-13,5.58E-11,7.72E-06,1.92E-03,1.02E-03,1.16E-02,7.55E-04,4.97E+01,4.97E+01,2.44E+05,1.00E+04,1.93E+04,3.90E+03,3.94E+03,3.24E+03,3.24E+03,3.41E+00,8.54E-01,5.57E+05,-8.19E+04,3.55E+04,4.94E+01
7271,2.47E-01,1.05E-01,1.14E-12,1.24E-15,1.59E-12,6.20E-08,1.38E-13,5.49E-11,7.62E-06,1.92E-03,1.02E-03,1.17E-02,7.61E-04,4.98E+01,4.97E+01,2.44E+05,1.00E+04,1.93E+04,3.91E+03,3.94E+03,3.24E+03,3.24E+03,3.41E+00,8.56E-01,4.52E+05,-1.93E+05,1.72E+05,4.96E+01
25025,2.48E-01,1.07E-01,1.10E-12,1.16E-15,1.43E-12,5.98E-08,1.26E-13,5.36E-11,7.56E-06,1.93E-03,1.02E-03,1.17E-02,7.63E-04,4.99E+01,4.99E+01,2.45E+05,1.00E+04,1.94E+04,3.91E+03,3.93E+03,3.24E+03,3.24E+03,3.41E+00,8.60E-01,5.33E+05,-3.34E+05,3.25E+05,4.98E+01
7270,2.50E-01,1.08E-01,1.06E-12,1.09E-15,1.27E-12,5.76E-08,1.14E-13,5.28E-11,7.54E-06,1.94E-03,1.02E-03,1.17E-02,7.69E-04,5.01E+01,5.00E+01,2.46E+05,1.01E+04,1.95E+04,3.92E+03,3.93E+03,3.24E+03,3.23E+03,3.40E+00,8.65E-01,4.54E+05,-3.12E+05,3.46E+05,5.01E+01
5339,2.53E-01,1.12E-01,1.02E-12,1.06E-15,1.13E-12,5.56E-08,1.04E-13,5.27E-11,7.61E-06,1.95E-03,1.03E-03,1.18E-02,7.78E-04,5.05E+01,5.04E+01,2.48E+05,1.02E+04,1.98E+04,3.94E+03,3.93E+03,3.24E+03,3.23E+03,3.39E+00,8.76E-01,2.97E+05,-2.47E+05,3.71E+05,5.07E+01
24985,2.55E-01,1.13E-01,1.00E-12,1.06E-15,1.06E-12,5.46E-08,1.00E-13,5.36E-11,7.73E-06,1.97E-03,1.03E-03,1.19E-02,7.89E-04,5.10E+01,5.08E+01,2.50E+05,1.03E+04,2.00E+04,3.95E+03,3.94E+03,3.24E+03,3.23E+03,3.38E+00,8.87E-01,5.84E+05,-3.56E+05,2.72E+05,5.13E+01
5337,2.57E-01,1.15E-01,9.85E-13,1.09E-15,9.99E-13,5.37E-08,9.74E-14,5.48E-11,7.94E-06,1.99E-03,1.05E-03,1.21E-02,8.01E-04,5.16E+01,5.14E+01,2.53E+05,1.05E+04,2.04E+04,3.97E+03,3.95E+03,3.23E+03,3.22E+03,3.37E+00,9.03E-01,7.38E+05,-4.28E+05,3.09E+05,5.22E+01
5336,2.58E-01,1.17E-01,9.71E-13,1.14E-15,9.52E-13,5.29E-08,9.58E-14,5.62E-11,8.20E-06,2.02E-03,1.06E-03,1.23E-02,8.13E-04,5.22E+01,5.20E+01,2.56E+05,1.07E+04,2.07E+04,3.99E+03,3.96E+03,3.23E+03,3.22E+03,3.36E+00,9.19E-01,8.29E+05,-6.34E+05,5.33E+05,5.31E+01
5217,2.60E-01,1.19E-01,9.63E-13,1.20E-15,9.28E-13,5.25E-08,9.60E-14,5.78E-11,8.47E-06,2.04E-03,1.07E-03,1.24E-02,8.25E-04,5.28E+01,5.26E+01,2.59E+05,1.08E+04,2.11E+04,4.01E+03,3.98E+03,3.23E+03,3.22E+03,3.35E+00,9.35E-01,5.17E+05,-5.34E+05,6.68E+05,5.40E+01
5218,2.62E-01,1.21E-01,9.58E-13,1.26E-15,9.16E-13,5.22E-08,9.72E-14,5.95E-11,8.76E-06,2.06E-03,1.08E-03,1.26E-02,8.38E-04,5.34E+01,5.32E+01,2.62E+05,1.10E+04,2.14E+04,4.02E+03,3.99E+03,3.23E+03,3.21E+03,3.34E+00,9.51E-01,6.50E+05,-7.18E+05,8.51E+05,5.49E+01
24942,2.64E-01,1.23E-01,9.62E-13,1.38E-15,9.26E-13,5.24E-08,1.02E-13,6.24E-11,9.14E-06,2.10E-03,1.10E-03,1.28E-02,8.53E-04,5.42E+01,5.40E+01,2.67E+05,1.13E+04,2.19E+04,4.04E+03,4.01E+03,3.22E+03,3.21E+03,3.33E+00,9.71E-01,5.58E+05,-5.14E+05,6.47E+05,5.61E+01
5233,2.66E-01,1.25E-01,9.71E-13,1.54E-15,9.53E-13,5.29E-08,1.08E-13,6.60E-11,9.60E-06,2.13E-03,1.11E-03,1.30E-02,8.68E-04,5.50E+01,5.48E+01,2.71E+05,1.16E+04,2.24E+04,4.07E+03,4.03E+03,3.22E+03,3.20E+03,3.32E+00,9.94E-01,7.66E+05,-7.09E+05,7.66E+05,5.73E+01
24947,2.68E-01,1.27E-01,9.94E-13,1.78E-15,1.01E-12,5.42E-08,1.20E-13,7.12E-11,1.02E-05,2.18E-03,1.14E-03,1.33E-02,8.89E-04,5.62E+01,5.60E+01,2.77E+05,1.19E+04,2.30E+04,4.09E+03,4.05E+03,3.21E+03,3.20E+03,3.30E+00,1.02E+00,7.44E+05,-5.99E+05,6.09E+05,5.90E+01
5321,2.70E-01,1.29E-01,1.02E-12,2.07E-15,1.09E-12,5.58E-08,1.34E-13,7.67E-11,1.09E-05,2.22E-03,1.16E-03,1.35E-02,9.06E-04,5.72E+01,5.70E+01,2.82E+05,1.23E+04,2.36E+04,4.11E+03,4.08E+03,3.20E+03,3.20E+03,3.29E+00,1.05E+00,4.74E+05,-4.44E+05,5.69E+05,6.05E+01
5323,2.74E-01,1.32E-01,1.06E-12,2.40E-15,1.20E-12,5.79E-08,1.50E-13,8.24E-11,1.16E-05,2.27E-03,1.18E-03,1.38E-02,9.22E-04,5.82E+01,5.81E+01,2.87E+05,1.26E+04,2.42E+04,4.13E+03,4.10E+03,3.20E+03,3.19E+03,3.27E+00,1.07E+00,1.96E+05,-1.69E+05,3.95E+05,6.19E+01
10970,2.77E-01,1.36E-01,1.10E-12,2.74E-15,1.31E-12,6.02E-08,1.68E-13,8.83E-11,1.22E-05,2.31E-03,1.20E-03,1.40E-02,9.35E-04,5.91E+01,5.89E+01,2.92E+05,1.29E+04,2.47E+04,4.15E+03,4.12E+03,3.20E+03,3.19E+03,3.26E+00,1.10E+00,1.97E+05,-6.53E+04,1.39E+05,6.32E+01
25001,2.79E-01,1.38E-01,1.14E-12,3.04E-15,1.40E-12,6.21E-08,1.83E-13,9.35E-11,1.26E-05,2.34E-03,1.21E-03,1.42E-02,9.45E-04,5.98E+01,5.96E+01,2.96E+05,1.32E+04,2.51E+04,4.16E+03,4.14E+03,3.19E+03,3.18E+03,3.25E+00,1.12E+00,2.11E+05,-4.98E+04,1.35E+05,6.43E+01
10967,2.82E-01,1.40E-01,1.17E-12,3.29E-15,1.49E-12,6.39E-08,1.96E-13,9.73E-11,1.30E-05,2.36E-03,1.22E-03,1.43E-02,9.52E-04,6.02E+01,6.01E+01,2.98E+05,1.33E+04,2.53E+04,4.17E+03,4.15E+03,3.19E+03,3.18E+03,3.25E+00,1.13E+00,3.07E+05,-2.62E+05,3.17E+05,6.49E+01
25011,2.84E-01,1.42E-01,1.21E-12,3.52E-15,1.57E-12,6.57E-08,2.08E-13,1.00E-10,1.33E-05,2.38E-03,1.23E-03,1.44E-02,9.55E-04,6.06E+01,6.05E+01,3.00E+05,1.35E+04,2.55E+04,4.17E+03,4.16E+03,3.19E+03,3.19E+03,3.24E+00,1.14E+00,1.48E+05,-9.98E+04,2.05E+05,6.55E+01
12353,2.86E-01,1.45E-01,1.24E-12,3.75E-15,1.67E-12,6.76E-08,2.21E-13,1.04E-10,1.36E-05,2.40E-03,1.23E-03,1.45E-02,9.56E-04,6.09E+01,6.08E+01,3.02E+05,1.36E+04,2.57E+04,4.18E+03,4.17E+03,3.19E+03,3.18E+03,3.24E+00,1.14E+00,2.53E+05,-2.18E+05,2.96E+05,6.59E+01
12354,2.90E-01,1.49E-01,1.29E-12,3.99E-15,1.78E-12,7.00E-08,2.35E-13,1.07E-10,1.39E-05,2.42E-03,1.24E-03,1.46E-02,9.55E-04,6.12E+01,6.11E+01,3.04E+05,1.37E+04,2.58E+04,4.18E+03,4.17E+03,3.18E+03,3.18E+03,3.24E+00,1.15E+00,4.79E+05,-2.75E+05,1.72E+05,6.63E+01
12428,2.95E-01,1.53E-01,1.32E-12,4.14E-15,1.86E-12,7.20E-08,2.44E-13,1.09E-10,1.41E-05,2.44E-03,1.24E-03,1.46E-02,9.51E-04,6.14E+01,6.14E+01,3.05E+05,1.37E+04,2.59E+04,4.17E+03,4.17E+03,3.18E+03,3.18E+03,3.24E+00,1.16E+00,3.52E+05,-2.85E+05,2.64E+05,6.65E+01
12417,2.99E-01,1.58E-01,1.34E-12,4.20E-15,1.91E-12,7.32E-08,2.48E-13,1.09E-10,1.41E-05,2.45E-03,1.24E-03,1.47E-02,9.45E-04,6.15E+01,6.15E+01,3.05E+05,1.37E+04,2.60E+04,4.17E+03,4.17E+03,3.18E+03,3.18E+03,3.24E+00,1.16E+00,3.27E+05,-3.12E+05,3.30E+05,6.66E+01
12367,3.04E-01,1.62E-01,1.36E-12,4.20E-15,1.93E-12,7.38E-08,2.49E-13,1.08E-10,1.42E-05,2.46E-03,1.24E-03,1.47E-02,9.40E-04,6.16E+01,6.16E+01,3.06E+05,1.37E+04,2.60E+04,4.17E+03,4.17E+03,3.18E+03,3.18E+03,3.24E+00,1.16E+00,4.76E+05,-4.54E+05,4.49E+05,6.67E+01
12362,3.08E-01,1.67E-01,1.36E-12,4.16E-15,1.94E-12,7.43E-08,2.47E-13,1.07E-10,1.42E-05,2.47E-03,1.24E-03,1.47E-02,9.34E-04,6.17E+01,6.16E+01,3.06E+05,1.37E+04,2.60E+04,4.16E+03,4.16E+03,3.18E+03,3.18E+03,3.24E+00,1.16E+00,7.68E+05,-7.04E+05,6.49E+05,6.67E+01
12852,3.13E-01,1.71E-01,1.37E-12,4.11E-15,1.94E-12,7.44E-08,2.44E-13,1.06E-10,1.42E-05,2.48E-03,1.24E-03,1.47E-02,9.27E-04,6.17E+01,6.17E+01,3.06E+05,1.37E+04,2.60E+04,4.15E+03,4.16E+03,3.18E+03,3.18E+03,3.24E+00,1.16E+00,7.29E+05,-7.49E+05,7.73E+05,6.66E+01
12847,3.17E-01,1.75E-01,1.37E-12,4.06E-15,1.93E-12,7.44E-08,2.41E-13,1.05E-10,1.41E-05,2.49E-03,1.24E-03,1.47E-02,9.24E-04,6.17E+01,6.17E+01,3.06E+05,1.37E+04,2.60E+04,4.15E+03,4.15E+03,3.18E+03,3.18E+03,3.25E+00,1.16E+00,7.43E+05,-7.77E+05,8.14E+05,6.66E+01
14092,3.21E-01,1.80E-01,1.36E-12,4.00E-15,1.92E-12,7.43E-08,2.37E-13,1.03E-10,1.41E-05,2.49E-03,1.24E-03,1.47E-02,9.19E-04,6.17E+01,6.17E+01,3.06E+05,1.36E+04,2.59E+04,4.15E+03,4.15E+03,3.18E+03,3.18E+03,3.25E+00,1.16E+00,4.79E+05,-4.65E+05,4.55E+05,6.65E+01
14103,3.24E-01,1.82E-01,1.36E-12,3.96E-15,1.91E-12,7.42E-08,2.35E-13,1.03E-10,1.41E-05,2.50E-03,1.24E-03,1.47E-02,9.16E-04,6.17E+01,6.17E+01,3.06E+05,1.36E+04,2.59E+04,4.14E+03,4.15E+03,3.18E+03,3.18E+03,3.25E+00,1.16E+00,9.02E+05,-8.49E+05,7.99E+05,6.65E+01
13870,3.26E-01,1.84E-01,1.36E-12,3.92E-15,1.90E-12,7.41E-08,2.33E-13,1.02E-10,1.41E-05,2.50E-03,1.24E-03,1.47E-02,9.14E-04,6.18E+01,6.17E+01,3.06E+05,1.36E+04,2.59E+04,4.14E+03,4.15E+03,3.18E+03,3.18E+03,3.25E+00,1.15E+00,2.74E+05,-2.67E+05,2.73E+05,6.65E+01
14087,3.28E-01,1.87E-01,1.36E-12,3.89E-15,1.89E-12,7.40E-08,2.31E-13,1.01E-10,1.40E-05,2.50E-03,1.24E-03,1.47E-02,9.12E-04,6.18E+01,6.17E+01,3.07E+05,1.36E+04,2.59E+04,4.14E+03,4.14E+03,3.18E+03,3.18E+03,3.25E+00,1.15E+00,2.03E+05,-2.07E+05,2.45E+05,6.65E+01
14086,3.29E-01,1.88E-01,1.36E-12,3.87E-15,1.89E-12,7.39E-08,2.30E-13,1.01E-10,1.40E-05,2.50E-03,1.24E-03,1.47E-02,9.11E-04,6.18E+01,6.17E+01,3.07E+05,1.36E+04,2.59E+04,4.14E+03,4.14E+03,3.18E+03,3.18E+03,3.25E+00,1.15E+00,2.31E+05,-2.21E+05,2.43E+05,6.64E+01
14055,3.30E-01,1.89E-01,1.36E-12,3.85E-15,1.88E-12,7.39E-08,2.29E-13,1.00E-10,1.40E-05,2.50E-03,1.23E-03,1.47E-02,9.10E-04,6.18E+01,6.17E+01,3.07E+05,1.36E+04,2.59E+04,4.14E+03,4.14E+03,3.18E+03,3.18E+03,3.25E+00,1.15E+00,2.48E+05,-2.30E+05,2.44E+05,6.64E+01
14056,3.31E-01,1.90E-01,1.35E-12,3.83E-15,1.88E-12,7.38E-08,2.28E-13,1.00E-10,1.40E-05,2.51E-03,1.23E-03,1.47E-02,9.09E-04,6.18E+01,6.17E+01,3.06E+05,1.36E+04,2.59E+04,4.14E+03,4.14E+03,3.18E+03,3.18E+03,3.25E+00,1.15E+00,2.79E+05,-2.58E+05,2.60E+05,6.64E+01
25024,3.32E-01,1.90E-01,1.35E-12,3.82E-15,1.88E-12,7.37E-08,2.27E-13,9.99E-11,1.40E-05,2.51E-03,1.23E-03,1.47E-02,9.09E-04,6.18E+01,6.17E+01,3.06E+05,1.36E+04,2.59E+04,4.14E+03,4.14E+03,3.18E+03,3.18E+03,3.25E+00,1.15E+00,7.36E+05,-6.81E+05,6.30E+05,6.64E+01
14054,3.32E-01,1.91E-01,1.35E-12,3.81E-15,1.87E-12,7.37E-08,2.27E-13,9.97E-11,1.40E-05,2.51E-03,1.23E-03,1.47E-02,9.08E-04,6.17E+01,6.17E+01,3.06E+05,1.36E+04,2.59E+04,4.13E+03,4.14E+03,3.18E+03,3.18E+03,3.25E+00,1.15E+00,3.73E+05,-3.31E+05,3.06E+05,6.64E+01
14053,3.33E-01,1.91E-01,1.35E-12,3.79E-15,1.87E-12,7.36E-08,2.26E-13,9.94E-11,1.40E-05,2.51E-03,1.23E-03,1.47E-02,9.07E-04,6.17E+01,6.17E+01,3.06E+05,1.36E+04,2.59E+04,4.13E+03,4.14E+03,3.18E+03,3.18E+03,3.25E+00,1.15E+00,5.14E+05,-4.67E+05,4.33E+05,6.63E+01
14051,3.33E-01,1.92E-01,1.35E-12,3.78E-15,1.87E-12,7.36E-08,2.25E-13,9.92E-11,1.40E-05,2.51E-03,1.23E-03,1.47E-02,9.07E-04,6.17E+01,6.17E+01,3.06E+05,1.36E+04,2.59E+04,4.13E+03,4.14E+03,3.18E+03,3.18E+03,3.25E+00,1.15E+00,3.43E+05,-2.93E+05,2.76E+05,6.63E+01
24970,3.34E-01,1.92E-01,1.35E-12,3.77E-15,1.86E-12,7.36E-08,2.25E-13,9.90E-11,1.40E-05,2.51E-03,1.23E-03,1.47E-02,9.06E-04,6.17E+01,6.17E+01,3.06E+05,1.36E+04,2.59E+04,4.13E+03,4.14E+03,3.18E+03,3.18E+03,3.25E+00,1.15E+00,1.93E+06,6.80E+02,1.93E+06,6.63E+01
14011,3.34E-01,1.92E-01,1.35E-12,3.77E-15,1.86E-12,7.35E-08,2.25E-13,9.89E-11,1.40E-05,2.51E-03,1.23E-03,1.47E-02,9.06E-04,6.17E+01,6.17E+01,3.06E+05,1.36E+04,2.59E+04,4.13E+03,4.14E+03,3.18E+03,3.18E+03,3.25E+00,1.15E+00,2.89E+06,-8.73E+03,2.89E+06,6.63E+01
24912,3.34E-01,1.93E-01,1.35E-12,3.76E-15,1.86E-12,7.35E-08,2.24E-13,9.88E-11,1.40E-05,2.51E-03,1.23E-03,1.47E-02,9.06E-04,6.17E+01,6.17E+01,3.06E+05,1.36E+04,2.59E+04,4.13E+03,4.14E+03,3.18E+03,3.18E+03,3.25E+00,1.15E+00,2.13E+07,-7.54E+06,7.92E+06,6.63E+01
13678,3.35E-01,1.93E-01,5.83E-13,1.56E-15,8.20E-13,3.18E-08,6.16E-14,3.94E-11,6.00E-06,1.09E-03,5.34E-04,6.38E-03,3.92E-04,2.96E+01,2.62E+01,1.35E+05,5.86E+03,8.89E+03,3.28E+03,4.13E+03,3.52E+03,3.11E+03,3.81E+00,3.85E-01,2.31E+07,-5.15E+07,1.19E+08,2.28E+01
24927,3.35E-01,1.93E-01,1.56E-14,4.17E-17,2.20E-14,8.52E-10,1.62E-15,1.06E-12,1.61E-07,2.91E-05,1.43E-05,1.71E-04,1.05E-05,1.04E+00,4.13E-01,3.71E+03,1.57E+02,1.47E+02,2.02E+03,4.13E+03,4.63E+03,1.83E+03,5.15E+00,-1.10E-02,8.46E+06,-2.28E+07,1.42E+08,3.76E-01
13677,3.35E-01,1.93E-01,1.99E-15,5.30E-18,2.80E-15,1.08E-10,2.05E-16,1.34E-13,2.04E-08,3.70E-06,1.82E-06,2.17E-05,1.34E-06,1.44E-01,2.47E-02,4.77E+02,2.00E+01,1.34E+01,1.45E+03,4.13E+03,5.02E+03,8.65E+02,6.20E+00,-1.70E-02,4.68E+06,-1.87E+06,1.67E+08,3.45E-02
24944,3.36E-01,1.93E-01,1.08E-15,2.88E-18,1.52E-15,5.89E-11,1.11E-16,7.29E-14,1.11E-08,2.01E-06,9.89E-07,1.18E-05,7.27E-07,7.93E-02,-2.71E-03,2.60E+02,1.08E+01,7.18E+00,1.43E+03,4.13E+03,5.10E+03,-1.74E+02,6.26E+00,-1.73E-02,1.05E+07,1.76E+07,1.15E+08,1.84E-02
13676,3.36E-01,1.93E-01,2.91E-15,7.62E-18,4.10E-15,1.58E-10,2.69E-16,1.91E-13,2.98E-08,5.42E-06,2.66E-06,3.18E-05,1.96E-06,2.09E-01,-5.39E-03,6.91E+02,2.92E+01,2.67E+01,1.98E+03,4.13E+03,4.98E+03,-1.29E+02,5.21E+00,-1.64E-02,1.39E+07,1.45E+07,5.34E+07,6.85E-02
24979,3.37E-01,1.93E-01,4.49E-15,1.16E-17,6.34E-15,2.45E-10,3.87E-16,2.91E-13,4.60E-08,8.37E-06,4.11E-06,4.91E-05,3.02E-06,3.20E-01,-6.29E-03,1.06E+03,4.50E+01,4.56E+01,2.18E+03,4.12E+03,4.94E+03,-9.72E+01,4.91E+00,-1.56E-02,1.34E+07,-9.11E+06,2.39E+07,1.17E-01
13681,3.37E-01,1.93E-01,6.18E-15,1.59E-17,8.75E-15,3.37E-10,5.00E-16,3.95E-13,6.32E-08,1.15E-05,5.66E-06,6.77E-05,4.16E-06,4.36E-01,-9.06E-03,1.46E+03,6.20E+01,6.85E+01,2.38E+03,4.12E+03,4.90E+03,-1.02E+02,4.66E+00,-1.45E-02,4.46E+06,-1.10E+07,5.66E+07,1.76E-01
13679,3.38E-01,1.93E-01,7.58E-15,1.93E-17,1.07E-14,4.13E-10,5.72E-16,4.77E-13,7.75E-08,1.42E-05,6.95E-06,8.31E-05,5.11E-06,5.32E-01,-6.82E-03,1.79E+03,7.61E+01,8.88E+01,2.52E+03,4.12E+03,4.87E+03,-6.24E+01,4.51E+00,-1.36E-02,1.97E+06,-9.28E+06,7.40E+07,2.28E-01
13680,3.38E-01,1.93E-01,8.49E-15,2.14E-17,1.20E-14,4.63E-10,5.98E-16,5.27E-13,8.67E-08,1.59E-05,7.78E-06,9.31E-05,5.72E-06,5.94E-01,-5.54E-03,2.00E+03,8.52E+01,1.03E+02,2.61E+03,4.12E+03,4.85E+03,-4.53E+01,4.41E+00,-1.30E-02,9.71E+05,-1.09E+07,1.32E+08,2.64E-01
13814,3.39E-01,1.93E-01,9.54E-15,2.38E-17,1.35E-14,5.20E-10,6.24E-16,5.83E-13,9.73E-08,1.78E-05,8.75E-06,1.05E-04,6.43E-06,6.65E-01,-6.65E-03,2.24E+03,9.57E+01,1.20E+02,2.70E+03,4.12E+03,4.83E+03,-4.83E+01,4.32E+00,-1.22E-02,9.65E+05,-3.27E+06,4.83E+07,3.08E-01
13825,3.40E-01,1.93E-01,1.07E-14,2.63E-17,1.52E-14,5.84E-10,6.33E-16,6.38E-13,1.09E-07,2.00E-05,9.83E-06,1.18E-04,7.22E-06,7.45E-01,-1.45E-02,2.51E+03,1.07E+02,1.37E+02,2.75E+03,4.12E+03,4.82E+03,-9.40E+01,4.27E+00,-1.14E-02,3.23E+06,-3.95E+06,1.50E+07,3.52E-01
13826,3.41E-01,1.93E-01,1.20E-14,2.88E-17,1.71E-14,6.54E-10,6.27E-16,6.93E-13,1.22E-07,2.24E-05,1.10E-05,1.32E-04,8.10E-06,8.34E-01,-1.64E-02,2.82E+03,1.20E+02,1.56E+02,2.79E+03,4.11E+03,4.81E+03,-9.44E+01,4.23E+00,-1.06E-02,3.71E+06,-7.33E+05,4.06E+06,4.01E-01
24917,3.42E-01,1.93E-01,1.26E-14,2.98E-17,1.79E-14,6.87E-10,5.94E-16,7.12E-13,1.28E-07,2.36E-05,1.16E-05,1.39E-04,8.51E-06,8.77E-01,-1.20E-02,2.96E+03,1.26E+02,1.64E+02,2.78E+03,4.11E+03,4.81E+03,-6.59E+01,4.24E+00,-1.02E-02,2.69E+06,4.74E+06,8.66E+06,4.20E-01
13836,3.42E-01,1.93E-01,1.30E-14,3.03E-17,1.85E-14,7.07E-10,5.60E-16,7.19E-13,1.31E-07,2.43E-05,1.19E-05,1.43E-04,8.77E-06,9.05E-01,-8.43E-03,3.05E+03,1.30E+02,1.67E+02,2.75E+03,4.11E+03,4.82E+03,-4.49E+01,4.26E+00,-1.01E-02,1.71E+06,-1.51E+06,3.83E+06,4.28E-01
13592,3.43E-01,1.93E-01,1.30E-14,2.98E-17,1.85E-14,7.09E-10,4.90E-16,7.02E-13,1.31E-07,2.44E-05,1.20E-05,1.43E-04,8.80E-06,9.11E-01,-3.01E-03,3.07E+03,1.30E+02,1.63E+02,2.68E+03,4.11E+03,4.83E+03,-1.60E+01,4.34E+00,-1.03E-02,1.16E+06,-1.78E+06,9.51E+06,4.18E-01
13593,3.44E-01,1.93E-01,1.32E-14,2.98E-17,1.88E-14,7.19E-10,4.45E-16,6.97E-13,1.33E-07,2.48E-05,1.22E-05,1.45E-04,8.93E-06,9.27E-01,-1.27E-03,3.12E+03,1.32E+02,1.63E+02,2.64E+03,4.10E+03,4.84E+03,-6.63E+00,4.38E+00,-1.03E-02,3.38E+05,-9.39E+05,2.37E+07,4.18E-01
13597,3.45E-01,1.93E-01,1.32E-14,2.96E-17,1.88E-14,7.21E-10,4.07E-16,6.89E-13,1.33E-07,2.48E-05,1.22E-05,1.46E-04,8.96E-06,9.31E-01,-1.82E-04,3.13E+03,1.33E+02,1.62E+02,2.62E+03,4.10E+03,4.85E+03,-9.50E-01,4.40E+00,-1.03E-02,5.77E+05,-2.50E+05,2.14E+07,4.16E-01
13598,3.46E-01,1.93E-01,1.34E-14,2.95E-17,1.91E-14,7.30E-10,3.67E-16,6.82E-13,1.34E-07,2.52E-05,1.23E-05,1.48E-04,9.07E-06,9.44E-01,-5.39E-04,3.17E+03,1.34E+02,1.62E+02,2.58E+03,4.10E+03,4.86E+03,-2.77E+00,4.44E+00,-1.03E-02,5.36E+05,-1.14E+06,1.77E+07,4.15E-01
13605,3.46E-01,1.93E-01,1.36E-14,2.93E-17,1.93E-14,7.40E-10,3.27E-16,6.75E-13,1.36E-07,2.55E-05,1.25E-05,1.50E-04,9.20E-06,9.59E-01,-3.82E-04,3.22E+03,1.36E+02,1.61E+02,2.54E+03,4.10E+03,4.87E+03,-1.94E+00,4.49E+00,-1.03E-02,9.68E+05,-2.92E+06,1.36E+07,4.14E-01
13643,3.47E-01,1.93E-01,1.39E-14,2.93E-17,1.98E-14,7.57E-10,2.87E-16,6.68E-13,1.39E-07,2.61E-05,1.28E-05,1.53E-04,9.43E-06,9.86E-01,-2.05E-04,3.30E+03,1.39E+02,1.61E+02,2.47E+03,4.09E+03,4.88E+03,-1.01E+00,4.56E+00,-1.04E-02,1.98E+06,-1.83E+06,5.74E+06,4.12E-01
13644,3.48E-01,1.93E-01,1.42E-14,2.92E-17,2.01E-14,7.72E-10,2.54E-16,6.60E-13,1.41E-07,2.67E-05,1.31E-05,1.57E-04,9.63E-06,1.01E+00,-1.02E-04,3.37E+03,1.42E+02,1.61E+02,2.41E+03,4.09E+03,4.89E+03,-4.96E-01,4.63E+00,-1.04E-02,1.23E+06,-2.43E+06,8.02E+06,4.12E-01
13645,3.49E-01,1.93E-01,1.44E-14,2.91E-17,2.05E-14,7.86E-10,2.25E-16,6.53E-13,1.44E-07,2.72E-05,1.34E-05,1.60E-04,9.81E-06,1.03E+00,-9.68E-05,3.44E+03,1.44E+02,1.61E+02,2.37E+03,4.09E+03,4.90E+03,-4.61E-01,4.68E+00,-1.04E-02,9.63E+05,-3.90E+06,1.66E+07,4.12E-01
13652,3.49E-01,1.93E-01,1.47E-14,2.89E-17,2.08E-14,8.01E-10,1.99E-16,6.45E-13,1.46E-07,2.78E-05,1.36E-05,1.63E-04,1.00E-05,1.05E+00,1.06E-04,3.51E+03,1.47E+02,1.61E+02,2.32E+03,4.08E+03,4.91E+03,4.92E-01,4.73E+00,-1.04E-02,8.86E+05,-1.48E+06,6.81E+06,4.12E-01
13653,3.50E-01,1.93E-01,1.50E-14,2.86E-17,2.11E-14,8.15E-10,1.73E-16,6.33E-13,1.48E-07,2.83E-05,1.39E-05,1.66E-04,1.02E-05,1.08E+00,5.42E-04,3.58E+03,1.50E+02,1.61E+02,2.28E+03,4.08E+03,4.92E+03,2.48E+00,4.79E+00,-1.04E-02,1.00E+06,-8.66E+05,6.39E+06,4.12E-01
13654,3.51E-01,1.93E-01,1.51E-14,2.81E-17,2.14E-14,8.25E-10,1.45E-16,6.15E-13,1.49E-07,2.86E-05,1.41E-05,1.68E-04,1.03E-05,1.09E+00,1.02E-03,3.63E+03,1.51E+02,1.60E+02,2.24E+03,4.08E+03,4.93E+03,4.60E+00,4.84E+00,-1.04E-02,6.41E+05,-1.21E+06,9.08E+06,4.10E-01
18452,3.52E-01,1.93E-01,1.52E-14,2.76E-17,2.14E-14,8.29E-10,1.26E-16,6.01E-13,1.50E-07,2.88E-05,1.41E-05,1.69E-04,1.04E-05,1.10E+00,1.10E-03,3.66E+03,1.52E+02,1.59E+02,2.21E+03,4.07E+03,4.94E+03,4.93E+00,4.87E+00,-1.04E-02,1.62E+05,-1.05E+06,1.51E+07,4.08E-01
18451,3.53E-01,1.93E-01,1.52E-14,2.71E-17,2.14E-14,8.29E-10,1.09E-16,5.87E-13,1.50E-07,2.88E-05,1.42E-05,1.69E-04,1.04E-05,1.10E+00,8.07E-04,3.66E+03,1.52E+02,1.58E+02,2.19E+03,4.07E+03,4.94E+03,3.62E+00,4.90E+00,-1.05E-02,3.93E+05,2.55E+04,8.27E+06,4.04E-01
18445,3.53E-01,1.93E-01,1.51E-14,2.67E-17,2.12E-14,8.24E-10,9.71E-17,5.75E-13,1.48E-07,2.87E-05,1.41E-05,1.68E-04,1.03E-05,1.09E+00,6.31E-05,3.64E+03,1.51E+02,1.56E+02,2.19E+03,4.07E+03,4.94E+03,2.85E-01,4.91E+00,-1.06E-02,1.79E+05,1.87E+05,9.71E+06,4.01E-01
18444,3.55E-01,1.93E-01,1.51E-14,2.64E-17,2.12E-14,8.25E-10,8.66E-17,5.66E-13,1.49E-07,2.87E-05,1.41E-05,1.69E-04,1.03E-05,1.10E+00,1.19E-04,3.65E+03,1.51E+02,1.56E+02,2.18E+03,4.07E+03,4.95E+03,5.35E-01,4.92E+00,-1.06E-02,9.13E+04,-1.46E+04,1.25E+07,4.00E-01
25028,3.56E-01,1.93E-01,1.51E-14,2.59E-17,2.11E-14,8.21E-10,7.41E-17,5.51E-13,1.48E-07,2.86E-05,1.40E-05,1.68E-04,1.03E-05,1.09E+00,3.69E-04,3.63E+03,1.51E+02,1.55E+02,2.17E+03,4.06E+03,4.95E+03,1.67E+00,4.94E+00,-1.06E-02,2.94E+04,-2.76E+05,1.97E+07,3.96E-01
24897,3.58E-01,1.93E-01,1.49E-14,2.51E-17,2.09E-14,8.15E-10,5.97E-17,5.30E-13,1.46E-07,2.84E-05,1.39E-05,1.67E-04,1.02E-05,1.09E+00,4.73E-04,3.61E+03,1.49E+02,1.52E+02,2.15E+03,4.06E+03,4.95E+03,2.15E+00,4.96E+00,-1.07E-02,5.53E+04,-1.87E+05,1.63E+07,3.91E-01
25029,3.60E-01,1.93E-01,1.48E-14,2.41E-17,2.07E-14,8.06E-10,4.56E-17,5.04E-13,1.44E-07,2.81E-05,1.38E-05,1.65E-04,1.01E-05,1.08E+00,-6.92E-06,3.58E+03,1.48E+02,1.50E+02,2.13E+03,4.06E+03,4.96E+03,-3.18E-02,4.98E+00,-1.09E-02,6.70E+04,-2.69E+05,1.61E+07,3.84E-01
18565,3.63E-01,1.93E-01,1.46E-14,2.31E-17,2.04E-14,7.98E-10,3.44E-17,4.78E-13,1.43E-07,2.79E-05,1.37E-05,1.64E-04,1.00E-05,1.07E+00,8.13E-05,3.54E+03,1.46E+02,1.48E+02,2.12E+03,4.05E+03,4.96E+03,3.77E-01,5.00E+00,-1.10E-02,4.46E+04,3.59E+03,1.67E+07,3.78E-01
18464,3.67E-01,1.93E-01,1.45E-14,2.21E-17,2.01E-14,7.89E-10,2.66E-17,4.53E-13,1.41E-07,2.76E-05,1.36E-05,1.62E-04,9.95E-06,1.06E+00,9.48E-05,3.51E+03,1.45E+02,1.45E+02,2.11E+03,4.05E+03,4.96E+03,4.44E-01,5.02E+00,-1.11E-02,1.77E+04,2.10E+05,2.24E+07,3.72E-01
24945,3.71E-01,1.93E-01,1.43E-14,2.13E-17,1.98E-14,7.79E-10,2.17E-17,4.32E-13,1.39E-07,2.73E-05,1.34E-05,1.60E-04,9.84E-06,1.05E+00,2.59E-04,3.47E+03,1.43E+02,1.43E+02,2.10E+03,4.05E+03,4.96E+03,1.23E+00,5.03E+00,-1.12E-02,1.80E+04,-3.87E+04,2.19E+07,3.66E-01
18660,3.74E-01,1.93E-01,1.41E-14,2.05E-17,1.95E-14,7.69E-10,1.81E-17,4.13E-13,1.37E-07,2.70E-05,1.32E-05,1.58E-04,9.72E-06,1.03E+00,4.28E-04,3.43E+03,1.41E+02,1.40E+02,2.08E+03,4.05E+03,4.97E+03,2.05E+00,5.05E+00,-1.13E-02,4.00E+03,-3.18E+05,4.59E+07,3.59E-01
24954,3.77E-01,1.93E-01,1.39E-14,1.98E-17,1.93E-14,7.61E-10,1.51E-17,3.94E-13,1.35E-07,2.67E-05,1.31E-05,1.57E-04,9.62E-06,1.03E+00,2.99E-04,3.40E+03,1.39E+02,1.38E+02,2.07E+03,4.04E+03,4.97E+03,1.45E+00,5.07E+00,-1.14E-02,1.45E+04,-1.89E+04,2.26E+07,3.54E-01
18634,3.80E-01,1.93E-01,1.38E-14,1.91E-17,1.91E-14,7.53E-10,1.29E-17,3.77E-13,1.34E-07,2.65E-05,1.30E-05,1.55E-04,9.54E-06,1.02E+00,2.72E-04,3.37E+03,1.38E+02,1.36E+02,2.06E+03,4.04E+03,4.97E+03,1.33E+00,5.09E+00,-1.15E-02,3.00E+04,7.18E+04,1.78E+07,3.49E-01
18576,3.83E-01,1.93E-01,1.37E-14,1.85E-17,1.88E-14,7.47E-10,1.13E-17,3.62E-13,1.32E-07,2.63E-05,1.29E-05,1.54E-04,9.47E-06,1.01E+00,3.10E-04,3.35E+03,1.37E+02,1.34E+02,2.05E+03,4.04E+03,4.98E+03,1.53E+00,5.11E+00,-1.16E-02,3.65E+04,6.48E+04,1.70E+07,3.44E-01
25049,3.85E-01,1.93E-01,1.36E-14,1.79E-17,1.86E-14,7.40E-10,1.00E-17,3.48E-13,1.31E-07,2.61E-05,1.28E-05,1.53E-04,9.40E-06,1.00E+00,3.71E-04,3.32E+03,1.36E+02,1.32E+02,2.03E+03,4.03E+03,4.98E+03,1.84E+00,5.12E+00,-1.17E-02,1.63E+04,3.71E+04,2.32E+07,3.39E-01
24907,3.87E-01,1.93E-01,1.35E-14,1.74E-17,1.85E-14,7.34E-10,8.86E-18,3.35E-13,1.30E-07,2.59E-05,1.27E-05,1.52E-04,9.33E-06,9.96E-01,2.24E-04,3.30E+03,1.35E+02,1.31E+02,2.02E+03,4.03E+03,4.98E+03,1.12E+00,5.14E+00,-1.17E-02,4.46E+04,-5.66E+04,1.78E+07,3.35E-01
25048,3.89E-01,1.93E-01,1.34E-14,1.69E-17,1.83E-14,7.29E-10,7.97E-18,3.22E-13,1.29E-07,2.57E-05,1.26E-05,1.51E-04,9.26E-06,9.90E-01,5.23E-05,3.28E+03,1.34E+02,1.29E+02,2.01E+03,4.03E+03,4.98E+03,2.63E-01,5.16E+00,-1.18E-02,2.51E+04,-6.18E+04,2.09E+07,3.31E-01
18227,3.91E-01,1.93E-01,1.32E-14,1.64E-17,1.81E-14,7.22E-10,7.38E-18,3.12E-13,1.28E-07,2.55E-05,1.25E-05,1.50E-04,9.19E-06,9.83E-01,1.59E-04,3.25E+03,1.32E+02,1.28E+02,2.01E+03,4.03E+03,4.98E+03,8.09E-01,5.17E+00,-1.19E-02,3.99E+04,5.38E+04,1.67E+07,3.28E-01
25038,3.93E-01,1.93E-01,1.32E-14,1.60E-17,1.79E-14,7.17E-10,6.73E-18,3.02E-13,1.27E-07,2.54E-05,1.25E-05,1.49E-04,9.14E-06,9.77E-01,2.42E-04,3.23E+03,1.32E+02,1.26E+02,1.99E+03,4.03E+03,4.99E+03,1.23E+00,5.18E+00,-1.19E-02,3.28E+04,3.70E+03,1.79E+07,3.24E-01
24898,3.96E-01,1.93E-01,1.31E-14,1.55E-17,1.78E-14,7.12E-10,6.15E-18,2.91E-13,1.26E-07,2.52E-05,1.24E-05,1.48E-04,9.08E-06,9.71E-01,1.72E-04,3.21E+03,1.31E+02,1.25E+02,1.99E+03,4.02E+03,4.99E+03,8.83E-01,5.20E+00,-1.20E-02,5.03E+03,-1.44E+05,3.58E+07,3.20E-01
25039,3.99E-01,1.93E-01,1.30E-14,1.51E-17,1.76E-14,7.07E-10,5.66E-18,2.81E-13,1.24E-07,2.50E-05,1.23E-05,1.47E-04,9.01E-06,9.65E-01,1.73E-04,3.19E+03,1.30E+02,1.23E+02,1.98E+03,4.02E+03,4.99E+03,8.94E-01,5.21E+00,-1.21E-02,4.26E+04,-2.42E+04,1.66E+07,3.17E-01
18273,4.02E-01,1.93E-01,1.28E-14,1.46E-17,1.74E-14,7.00E-10,5.20E-18,2.70E-13,1.23E-07,2.48E-05,1.22E-05,1.46E-04,8.94E-06,9.58E-01,2.85E-04,3.17E+03,1.28E+02,1.22E+02,1.97E+03,4.02E+03,4.99E+03,1.49E+00,5.23E+00,-1.21E-02,5.84E+04,-1.27E+05,1.28E+07,3.13E-01
24916,4.06E-01,1.93E-01,1.27E-14,1.39E-17,1.72E-14,6.92E-10,4.54E-18,2.55E-13,1.22E-07,2.46E-05,1.21E-05,1.44E-04,8.86E-06,9.49E-01,3.99E-04,3.14E+03,1.27E+02,1.20E+02,1.95E+03,4.01E+03,5.00E+03,2.10E+00,5.26E+00,-1.22E-02,3.61E+04,1.98E+05,1.31E+07,3.07E-01
18318,4.10E-01,1.93E-01,1.26E-14,1.33E-17,1.70E-14,6.87E-10,4.00E-18,2.42E-13,1.20E-07,2.44E-05,1.20E-05,1.43E-04,8.80E-06,9.44E-01,-4.76E-06,3.12E+03,1.26E+02,1.18E+02,1.93E+03,4.01E+03,5.00E+03,-2.52E-02,5.28E+00,-1.23E-02,4.64E+04,-2.03E+05,1.29E+07,3.02E-01
18319,4.13E-01,1.93E-01,1.25E-14,1.29E-17,1.68E-14,6.83E-10,3.59E-18,2.31E-13,1.20E-07,2.44E-05,1.20E-05,1.43E-04,8.76E-06,9.41E-01,7.61E-05,3.11E+03,1.25E+02,1.17E+02,1.92E+03,4.01E+03,5.00E+03,4.05E-01,5.30E+00,-1.24E-02,4.33E+04,-1.40E+05,1.12E+07,2.99E-01
18310,4.16E-01,1.93E-01,1.25E-14,1.25E-17,1.67E-14,6.80E-10,3.39E-18,2.23E-13,1.19E-07,2.42E-05,1.19E-05,1.42E-04,8.73E-06,9.37E-01,2.58E-05,3.09E+03,1.25E+02,1.16E+02,1.92E+03,4.01E+03,5.00E+03,1.38E-01,5.31E+00,-1.24E-02,2.60E+04,-1.49E+05,9.57E+06,2.97E-01
18076,4.19E-01,1.93E-01,1.24E-14,1.22E-17,1.66E-14,6.78E-10,3.15E-18,2.16E-13,1.19E-07,2.42E-05,1.19E-05,1.42E-04,8.71E-06,9.36E-01,2.23E-04,3.09E+03,1.24E+02,1.15E+02,1.91E+03,4.00E+03,5.01E+03,1.19E+00,5.33E+00,-1.24E-02,2.35E+04,-2.62E+05,1.12E+07,2.95E-01
18099,4.22E-01,1.93E-01,1.24E-14,1.19E-17,1.65E-14,6.75E-10,2.93E-18,2.09E-13,1.18E-07,2.41E-05,1.18E-05,1.42E-04,8.69E-06,9.34E-01,2.52E-04,3.08E+03,1.24E+02,1.14E+02,1.90E+03,4.00E+03,5.01E+03,1.35E+00,5.34E+00,-1.25E-02,1.97E+04,-1.72E+05,1.19E+07,2.93E-01
18101,4.25E-01,1.93E-01,1.23E-14,1.15E-17,1.64E-14,6.70E-10,2.77E-18,2.01E-13,1.17E-07,2.40E-05,1.18E-05,1.41E-04,8.63E-06,9.28E-01,5.72E-05,3.06E+03,1.23E+02,1.13E+02,1.89E+03,4.00E+03,5.01E+03,3.09E-01,5.35E+00,-1.25E-02,1.94E+04,-1.30E+05,1.19E+07,2.90E-01
24999,4.28E-01,1.93E-01,1.22E-14,1.13E-17,1.63E-14,6.68E-10,2.64E-18,1.96E-13,1.16E-07,2.39E-05,1.17E-05,1.40E-04,8.60E-06,9.25E-01,2.71E-04,3.05E+03,1.23E+02,1.12E+02,1.88E+03,4.00E+03,5.01E+03,1.47E+00,5.36E+00,-1.26E-02,1.83E+04,-4.79E+04,1.28E+07,2.88E-01
18115,4.32E-01,1.93E-01,1.22E-14,1.10E-17,1.61E-14,6.63E-10,2.50E-18,1.90E-13,1.16E-07,2.38E-05,1.17E-05,1.39E-04,8.55E-06,9.20E-01,3.14E-04,3.03E+03,1.22E+02,1.11E+02,1.88E+03,3.99E+03,5.01E+03,1.71E+00,5.37E+00,-1.26E-02,2.84E+04,-1.24E+05,1.08E+07,2.85E-01
25021,4.35E-01,1.93E-01,1.21E-14,1.07E-17,1.61E-14,6.61E-10,2.37E-18,1.83E-13,1.15E-07,2.37E-05,1.16E-05,1.39E-04,8.53E-06,9.18E-01,1.79E-04,3.03E+03,1.21E+02,1.11E+02,1.87E+03,3.99E+03,5.01E+03,9.79E-01,5.38E+00,-1.26E-02,1.37E+04,-1.30E+05,1.53E+07,2.84E-01
18135,4.38E-01,1.93E-01,1.21E-14,1.04E-17,1.59E-14,6.58E-10,2.25E-18,1.77E-13,1.14E-07,2.36E-05,1.16E-05,1.39E-04,8.50E-06,9.15E-01,7.81E-05,3.02E+03,1.21E+02,1.10E+02,1.87E+03,3.99E+03,5.02E+03,4.28E-01,5.39E+00,-1.27E-02,1.58E+04,3.79E+03,1.55E+07,2.82E-01
25003,4.41E-01,1.93E-01,1.20E-14,1.01E-17,1.58E-14,6.55E-10,2.15E-18,1.70E-13,1.14E-07,2.36E-05,1.16E-05,1.38E-04,8.47E-06,9.12E-01,7.69E-05,3.01E+03,1.20E+02,1.10E+02,1.86E+03,3.99E+03,5.02E+03,4.23E-01,5.39E+00,-1.27E-02,3.21E+04,1.15E+05,1.24E+07,2.81E-01
18159,4.44E-01,1.93E-01,1.20E-14,9.81E-18,1.58E-14,6.53E-10,2.05E-18,1.65E-13,1.14E-07,2.35E-05,1.15E-05,1.38E-04,8.46E-06,9.11E-01,8.12E-05,3.00E+03,1.20E+02,1.09E+02,1.86E+03,3.99E+03,5.02E+03,4.47E-01,5.40E+00,-1.27E-02,9.88E+03,2.95E+05,2.19E+07,2.80E-01
18163,4.47E-01,1.93E-01,1.20E-14,9.56E-18,1.57E-14,6.52E-10,1.96E-18,1.59E-13,1.13E-07,2.35E-05,1.15E-05,1.38E-04,8.46E-06,9.11E-01,6.48E-05,3.00E+03,1.20E+02,1.09E+02,1.85E+03,3.98E+03,5.02E+03,3.57E-01,5.41E+00,-1.27E-02,2.44E+04,1.85E+05,1.45E+07,2.79E-01
18165,4.50E-01,1.93E-01,1.19E-14,9.30E-18,1.56E-14,6.51E-10,1.87E-18,1.54E-13,1.13E-07,2.35E-05,1.15E-05,1.38E-04,8.45E-06,9.11E-01,6.95E-05,3.00E+03,1.20E+02,1.08E+02,1.85E+03,3.98E+03,5.02E+03,3.83E-01,5.42E+00,-1.27E-02,6.50E+04,1.88E+05,1.07E+07,2.78E-01
18037,4.53E-01,1.93E-01,1.19E-14,8.95E-18,1.56E-14,6.51E-10,1.73E-18,1.47E-13,1.13E-07,2.35E-05,1.15E-05,1.38E-04,8.46E-06,9.12E-01,1.26E-04,3.01E+03,1.20E+02,1.08E+02,1.84E+03,3.98E+03,5.02E+03,6.95E-01,5.44E+00,-1.28E-02,3.36E+04,-2.55E+05,1.30E+07,2.77E-01
18055,4.57E-01,1.93E-01,1.19E-14,8.60E-18,1.55E-14,6.51E-10,1.58E-18,1.40E-13,1.13E-07,2.36E-05,1.16E-05,1.38E-04,8.47E-06,9.14E-01,8.94E-05,3.01E+03,1.20E+02,1.07E+02,1.83E+03,3.97E+03,5.03E+03,4.92E-01,5.46E+00,-1.28E-02,8.28E+04,-2.97E+05,8.98E+06,2.75E-01
18062,4.60E-01,1.93E-01,1.19E-14,8.30E-18,1.55E-14,6.50E-10,1.48E-18,1.34E-13,1.12E-07,2.36E-05,1.16E-05,1.38E-04,8.48E-06,9.16E-01,2.58E-05,3.02E+03,1.20E+02,1.07E+02,1.82E+03,3.97E+03,5.03E+03,1.42E-01,5.48E+00,-1.28E-02,5.24E+04,-3.55E+05,1.11E+07,2.74E-01
18061,4.63E-01,1.93E-01,1.19E-14,8.07E-18,1.54E-14,6.50E-10,1.41E-18,1.29E-13,1.12E-07,2.36E-05,1.16E-05,1.39E-04,8.49E-06,9.17E-01,1.41E-05,3.02E+03,1.20E+02,1.07E+02,1.81E+03,3.97E+03,5.03E+03,7.75E-02,5.48E+00,-1.28E-02,3.10E+04,-3.25E+05,1.28E+07,2.74E-01
18066,4.66E-01,1.93E-01,1.19E-14,7.83E-18,1.54E-14,6.51E-10,1.33E-18,1.24E-13,1.12E-07,2.37E-05,1.16E-05,1.39E-04,8.52E-06,9.20E-01,-5.76E-06,3.03E+03,1.20E+02,1.07E+02,1.81E+03,3.96E+03,5.03E+03,-3.15E-02,5.50E+00,-1.28E-02,1.88E+04,-8.84E+04,1.38E+07,2.73E-01
18017,4.69E-01,1.93E-01,1.19E-14,7.62E-18,1.53E-14,6.51E-10,1.28E-18,1.20E-13,1.12E-07,2.37E-05,1.16E-05,1.39E-04,8.52E-06,9.20E-01,3.67E-05,3.03E+03,1.20E+02,1.06E+02,1.80E+03,3.96E+03,5.03E+03,2.01E-01,5.50E+00,-1.28E-02,2.24E+04,3.99E+04,1.23E+07,2.73E-01
18034,4.72E-01,1.93E-01,1.19E-14,7.39E-18,1.53E-14,6.51E-10,1.22E-18,1.16E-13,1.12E-07,2.38E-05,1.17E-05,1.39E-04,8.54E-06,9.23E-01,-1.92E-05,3.04E+03,1.20E+02,1.06E+02,1.80E+03,3.96E+03,5.03E+03,-1.05E-01,5.51E+00,-1.28E-02,2.47E+04,-1.62E+05,1.21E+07,2.73E-01
18035,4.75E-01,1.93E-01,1.20E-14,7.17E-18,1.53E-14,6.53E-10,1.16E-18,1.12E-13,1.12E-07,2.38E-05,1.17E-05,1.40E-04,8.57E-06,9.26E-01,-4.45E-05,3.05E+03,1.20E+02,1.06E+02,1.79E+03,3.96E+03,5.03E+03,-2.42E-01,5.52E+00,-1.28E-02,5.13E+04,-3.30E+05,9.43E+06,2.73E-01
18006,4.78E-01,1.93E-01,1.20E-14,6.98E-18,1.53E-14,6.54E-10,1.11E-18,1.08E-13,1.12E-07,2.39E-05,1.17E-05,1.40E-04,8.60E-06,9.30E-01,-6.17E-05,3.06E+03,1.21E+02,1.06E+02,1.78E+03,3.95E+03,5.04E+03,-3.34E-01,5.53E+00,-1.28E-02,3.61E+04,-3.86E+05,1.01E+07,2.73E-01
18013,4.82E-01,1.93E-01,1.20E-14,6.84E-18,1.53E-14,6.55E-10,1.08E-18,1.05E-13,1.12E-07,2.40E-05,1.18E-05,1.41E-04,8.62E-06,9.32E-01,-1.50E-05,3.07E+03,1.21E+02,1.06E+02,1.78E+03,3.95E+03,5.04E+03,-8.11E-02,5.54E+00,-1.28E-02,2.98E+04,-6.06E+05,1.47E+07,2.73E-01
18014,4.83E-01,1.93E-01,1.20E-14,6.71E-18,1.53E-14,6.57E-10,1.02E-18,1.03E-13,1.13E-07,2.41E-05,1.18E-05,1.41E-04,8.66E-06,9.36E-01,-4.47E-05,3.08E+03,1.21E+02,1.07E+02,1.77E+03,3.95E+03,5.04E+03,-2.41E-01,5.55E+00,-1.28E-02,1.22E+05,-2.92E+05,5.84E+06,2.73E-01
18015,4.85E-01,1.93E-01,1.21E-14,6.66E-18,1.53E-14,6.58E-10,1.00E-18,1.02E-13,1.13E-07,2.41E-05,1.18E-05,1.42E-04,8.67E-06,9.38E-01,-6.14E-05,3.09E+03,1.21E+02,1.07E+02,1.77E+03,3.95E+03,5.04E+03,-3.30E-01,5.56E+00,-1.28E-02,3.33E+05,-3.02E+05,2.55E+06,2.73E-01
